date,product,price,source_url
2024-09-02,A95,23.29,https://anre.md/oil-get-table?firstDate=2024-09-01&secondDate=2024-09-30&fuelId=2
2024-09-02,DIESEL,19.80,https://anre.md/oil-get-table?firstDate=2024-09-01&secondDate=2024-09-30&fuelId=3
2024-09-03,A95,23.19,https://anre.md/oil-get-table?firstDate=2024-09-01&secondDate=2024-09-30&fuelId=2
2024-09-03,DIESEL,19.80,https://anre.md/oil-get-table?firstDate=2024-09-01&secondDate=2024-09-30&fuelId=3
2024-09-04,A95,23.09,https://anre.md/oil-get-table?firstDate=2024-09-01&secondDate=2024-09-30&fuelId=2
2024-09-04,DIESEL,19.80,https://anre.md/oil-get-table?firstDate=2024-09-01&secondDate=2024-09-30&fuelId=3
2024-09-05,A95,23.00,https://anre.md/oil-get-table?firstDate=2024-09-01&secondDate=2024-09-30&fuelId=2
2024-09-05,DIESEL,19.76,https://anre.md/oil-get-table?firstDate=2024-09-01&secondDate=2024-09-30&fuelId=3
2024-09-06,A95,22.89,https://anre.md/oil-get-table?firstDate=2024-09-01&secondDate=2024-09-30&fuelId=2
2024-09-06,DIESEL,19.73,https://anre.md/oil-get-table?firstDate=2024-09-01&secondDate=2024-09-30&fuelId=3
2024-09-09,A95,22.75,https://anre.md/oil-get-table?firstDate=2024-09-01&secondDate=2024-09-30&fuelId=2
2024-09-09,DIESEL,19.65,https://anre.md/oil-get-table?firstDate=2024-09-01&secondDate=2024-09-30&fuelId=3
2024-09-10,A95,22.69,https://anre.md/oil-get-table?firstDate=2024-09-01&secondDate=2024-09-30&fuelId=2
2024-09-10,DIESEL,19.58,https://anre.md/oil-get-table?firstDate=2024-09-01&secondDate=2024-09-30&fuelId=3
2024-09-11,A95,22.55,https://anre.md/oil-get-table?firstDate=2024-09-01&secondDate=2024-09-30&fuelId=2
2024-09-11,DIESEL,19.47,https://anre.md/oil-get-table?firstDate=2024-09-01&secondDate=2024-09-30&fuelId=3
2024-09-12,A95,22.43,https://anre.md/oil-get-table?firstDate=2024-09-01&secondDate=2024-09-30&fuelId=2
2024-09-12,DIESEL,19.37,https://anre.md/oil-get-table?firstDate=2024-09-01&secondDate=2024-09-30&fuelId=3
2024-09-13,A95,22.35,https://anre.md/oil-get-table?firstDate=2024-09-01&secondDate=2024-09-30&fuelId=2
2024-09-13,DIESEL,19.30,https://anre.md/oil-get-table?firstDate=2024-09-01&secondDate=2024-09-30&fuelId=3
2024-09-16,A95,22.29,https://anre.md/oil-get-table?firstDate=2024-09-01&secondDate=2024-09-30&fuelId=2
2024-09-16,DIESEL,19.22,https://anre.md/oil-get-table?firstDate=2024-09-01&secondDate=2024-09-30&fuelId=3
2024-09-17,A95,22.25,https://anre.md/oil-get-table?firstDate=2024-09-01&secondDate=2024-09-30&fuelId=2
2024-09-17,DIESEL,19.12,https://anre.md/oil-get-table?firstDate=2024-09-01&secondDate=2024-09-30&fuelId=3
2024-09-18,A95,22.25,https://anre.md/oil-get-table?firstDate=2024-09-01&secondDate=2024-09-30&fuelId=2
2024-09-18,DIESEL,19.07,https://anre.md/oil-get-table?firstDate=2024-09-01&secondDate=2024-09-30&fuelId=3
2024-09-19,A95,22.29,https://anre.md/oil-get-table?firstDate=2024-09-01&secondDate=2024-09-30&fuelId=2
2024-09-19,DIESEL,19.06,https://anre.md/oil-get-table?firstDate=2024-09-01&secondDate=2024-09-30&fuelId=3
2024-09-20,A95,22.36,https://anre.md/oil-get-table?firstDate=2024-09-01&secondDate=2024-09-30&fuelId=2
2024-09-20,DIESEL,19.06,https://anre.md/oil-get-table?firstDate=2024-09-01&secondDate=2024-09-30&fuelId=3
2024-09-23,A95,22.43,https://anre.md/oil-get-table?firstDate=2024-09-01&secondDate=2024-09-30&fuelId=2
2024-09-23,DIESEL,19.07,https://anre.md/oil-get-table?firstDate=2024-09-01&secondDate=2024-09-30&fuelId=3
2024-09-24,A95,22.48,https://anre.md/oil-get-table?firstDate=2024-09-01&secondDate=2024-09-30&fuelId=2
2024-09-24,DIESEL,19.09,https://anre.md/oil-get-table?firstDate=2024-09-01&secondDate=2024-09-30&fuelId=3
2024-09-25,A95,22.55,https://anre.md/oil-get-table?firstDate=2024-09-01&secondDate=2024-09-30&fuelId=2
2024-09-25,DIESEL,19.15,https://anre.md/oil-get-table?firstDate=2024-09-01&secondDate=2024-09-30&fuelId=3
2024-09-26,A95,22.62,https://anre.md/oil-get-table?firstDate=2024-09-01&secondDate=2024-09-30&fuelId=2
2024-09-26,DIESEL,19.22,https://anre.md/oil-get-table?firstDate=2024-09-01&secondDate=2024-09-30&fuelId=3
2024-09-27,A95,22.65,https://anre.md/oil-get-table?firstDate=2024-09-01&secondDate=2024-09-30&fuelId=2
2024-09-27,DIESEL,19.22,https://anre.md/oil-get-table?firstDate=2024-09-01&secondDate=2024-09-30&fuelId=3
2024-09-30,A95,22.66,https://anre.md/oil-get-table?firstDate=2024-09-01&secondDate=2024-09-30&fuelId=2
2024-09-30,DIESEL,19.21,https://anre.md/oil-get-table?firstDate=2024-09-01&secondDate=2024-09-30&fuelId=3
2024-10-01,A95,22.68,https://anre.md/oil-get-table?firstDate=2024-10-01&secondDate=2024-10-31&fuelId=2
2024-10-01,DIESEL,19.24,https://anre.md/oil-get-table?firstDate=2024-10-01&secondDate=2024-10-31&fuelId=3
2024-10-02,A95,22.70,https://anre.md/oil-get-table?firstDate=2024-10-01&secondDate=2024-10-31&fuelId=2
2024-10-02,DIESEL,19.27,https://anre.md/oil-get-table?firstDate=2024-10-01&secondDate=2024-10-31&fuelId=3
2024-10-03,A95,22.69,https://anre.md/oil-get-table?firstDate=2024-10-01&secondDate=2024-10-31&fuelId=2
2024-10-03,DIESEL,19.27,https://anre.md/oil-get-table?firstDate=2024-10-01&secondDate=2024-10-31&fuelId=3
2024-10-04,A95,22.70,https://anre.md/oil-get-table?firstDate=2024-10-01&secondDate=2024-10-31&fuelId=2
2024-10-04,DIESEL,19.29,https://anre.md/oil-get-table?firstDate=2024-10-01&secondDate=2024-10-31&fuelId=3
2024-10-07,A95,22.74,https://anre.md/oil-get-table?firstDate=2024-10-01&secondDate=2024-10-31&fuelId=2
2024-10-07,DIESEL,19.37,https://anre.md/oil-get-table?firstDate=2024-10-01&secondDate=2024-10-31&fuelId=3
2024-10-08,A95,22.84,https://anre.md/oil-get-table?firstDate=2024-10-01&secondDate=2024-10-31&fuelId=2
2024-10-08,DIESEL,19.48,https://anre.md/oil-get-table?firstDate=2024-10-01&secondDate=2024-10-31&fuelId=3
2024-10-09,A95,22.88,https://anre.md/oil-get-table?firstDate=2024-10-01&secondDate=2024-10-31&fuelId=2
2024-10-09,DIESEL,19.52,https://anre.md/oil-get-table?firstDate=2024-10-01&secondDate=2024-10-31&fuelId=3
2024-10-10,A95,22.93,https://anre.md/oil-get-table?firstDate=2024-10-01&secondDate=2024-10-31&fuelId=2
2024-10-10,DIESEL,19.55,https://anre.md/oil-get-table?firstDate=2024-10-01&secondDate=2024-10-31&fuelId=3
2024-10-11,A95,23.04,https://anre.md/oil-get-table?firstDate=2024-10-01&secondDate=2024-10-31&fuelId=2
2024-10-11,DIESEL,19.64,https://anre.md/oil-get-table?firstDate=2024-10-01&secondDate=2024-10-31&fuelId=3
2024-10-15,A95,23.32,https://anre.md/oil-get-table?firstDate=2024-10-01&secondDate=2024-10-31&fuelId=2
2024-10-15,DIESEL,19.84,https://anre.md/oil-get-table?firstDate=2024-10-01&secondDate=2024-10-31&fuelId=3
2024-10-16,A95,23.37,https://anre.md/oil-get-table?firstDate=2024-10-01&secondDate=2024-10-31&fuelId=2
2024-10-16,DIESEL,19.82,https://anre.md/oil-get-table?firstDate=2024-10-01&secondDate=2024-10-31&fuelId=3
2024-10-17,A95,23.43,https://anre.md/oil-get-table?firstDate=2024-10-01&secondDate=2024-10-31&fuelId=2
2024-10-17,DIESEL,19.81,https://anre.md/oil-get-table?firstDate=2024-10-01&secondDate=2024-10-31&fuelId=3
2024-10-18,A95,23.44,https://anre.md/oil-get-table?firstDate=2024-10-01&secondDate=2024-10-31&fuelId=2
2024-10-18,DIESEL,19.77,https://anre.md/oil-get-table?firstDate=2024-10-01&secondDate=2024-10-31&fuelId=3
2024-10-21,A95,23.42,https://anre.md/oil-get-table?firstDate=2024-10-01&secondDate=2024-10-31&fuelId=2
2024-10-21,DIESEL,19.69,https://anre.md/oil-get-table?firstDate=2024-10-01&secondDate=2024-10-31&fuelId=3
2024-10-22,A95,23.35,https://anre.md/oil-get-table?firstDate=2024-10-01&secondDate=2024-10-31&fuelId=2
2024-10-22,DIESEL,19.58,https://anre.md/oil-get-table?firstDate=2024-10-01&secondDate=2024-10-31&fuelId=3
2024-10-23,A95,23.36,https://anre.md/oil-get-table?firstDate=2024-10-01&secondDate=2024-10-31&fuelId=2
2024-10-23,DIESEL,19.55,https://anre.md/oil-get-table?firstDate=2024-10-01&secondDate=2024-10-31&fuelId=3
2024-10-24,A95,23.35,https://anre.md/oil-get-table?firstDate=2024-10-01&secondDate=2024-10-31&fuelId=2
2024-10-24,DIESEL,19.53,https://anre.md/oil-get-table?firstDate=2024-10-01&secondDate=2024-10-31&fuelId=3
2024-10-25,A95,23.28,https://anre.md/oil-get-table?firstDate=2024-10-01&secondDate=2024-10-31&fuelId=2
2024-10-25,DIESEL,19.49,https://anre.md/oil-get-table?firstDate=2024-10-01&secondDate=2024-10-31&fuelId=3
2024-10-28,A95,23.24,https://anre.md/oil-get-table?firstDate=2024-10-01&secondDate=2024-10-31&fuelId=2
2024-10-28,DIESEL,19.47,https://anre.md/oil-get-table?firstDate=2024-10-01&secondDate=2024-10-31&fuelId=3
2024-10-29,A95,23.14,https://anre.md/oil-get-table?firstDate=2024-10-01&secondDate=2024-10-31&fuelId=2
2024-10-29,DIESEL,19.40,https://anre.md/oil-get-table?firstDate=2024-10-01&secondDate=2024-10-31&fuelId=3
2024-10-30,A95,23.07,https://anre.md/oil-get-table?firstDate=2024-10-01&secondDate=2024-10-31&fuelId=2
2024-10-30,DIESEL,19.38,https://anre.md/oil-get-table?firstDate=2024-10-01&secondDate=2024-10-31&fuelId=3
2024-10-31,A95,23.02,https://anre.md/oil-get-table?firstDate=2024-10-01&secondDate=2024-10-31&fuelId=2
2024-10-31,DIESEL,19.41,https://anre.md/oil-get-table?firstDate=2024-10-01&secondDate=2024-10-31&fuelId=3
2024-11-01,A95,22.98,https://anre.md/oil-get-table?firstDate=2024-11-01&secondDate=2024-11-30&fuelId=2
2024-11-01,DIESEL,19.44,https://anre.md/oil-get-table?firstDate=2024-11-01&secondDate=2024-11-30&fuelId=3
2024-11-04,A95,22.99,https://anre.md/oil-get-table?firstDate=2024-11-01&secondDate=2024-11-30&fuelId=2
2024-11-04,DIESEL,19.53,https://anre.md/oil-get-table?firstDate=2024-11-01&secondDate=2024-11-30&fuelId=3
2024-11-05,A95,22.97,https://anre.md/oil-get-table?firstDate=2024-11-01&secondDate=2024-11-30&fuelId=2
2024-11-05,DIESEL,19.60,https://anre.md/oil-get-table?firstDate=2024-11-01&secondDate=2024-11-30&fuelId=3
2024-11-06,A95,22.94,https://anre.md/oil-get-table?firstDate=2024-11-01&secondDate=2024-11-30&fuelId=2
2024-11-06,DIESEL,19.66,https://anre.md/oil-get-table?firstDate=2024-11-01&secondDate=2024-11-30&fuelId=3
2024-11-07,A95,22.91,https://anre.md/oil-get-table?firstDate=2024-11-01&secondDate=2024-11-30&fuelId=2
2024-11-07,DIESEL,19.70,https://anre.md/oil-get-table?firstDate=2024-11-01&secondDate=2024-11-30&fuelId=3
2024-11-08,A95,22.89,https://anre.md/oil-get-table?firstDate=2024-11-01&secondDate=2024-11-30&fuelId=2
2024-11-08,DIESEL,19.72,https://anre.md/oil-get-table?firstDate=2024-11-01&secondDate=2024-11-30&fuelId=3
2024-11-11,A95,22.83,https://anre.md/oil-get-table?firstDate=2024-11-01&secondDate=2024-11-30&fuelId=2
2024-11-11,DIESEL,19.71,https://anre.md/oil-get-table?firstDate=2024-11-01&secondDate=2024-11-30&fuelId=3
2024-11-12,A95,22.82,https://anre.md/oil-get-table?firstDate=2024-11-01&secondDate=2024-11-30&fuelId=2
2024-11-12,DIESEL,19.74,https://anre.md/oil-get-table?firstDate=2024-11-01&secondDate=2024-11-30&fuelId=3
2024-11-13,A95,22.82,https://anre.md/oil-get-table?firstDate=2024-11-01&secondDate=2024-11-30&fuelId=2
2024-11-13,DIESEL,19.80,https://anre.md/oil-get-table?firstDate=2024-11-01&secondDate=2024-11-30&fuelId=3
2024-11-14,A95,22.80,https://anre.md/oil-get-table?firstDate=2024-11-01&secondDate=2024-11-30&fuelId=2
2024-11-14,DIESEL,19.82,https://anre.md/oil-get-table?firstDate=2024-11-01&secondDate=2024-11-30&fuelId=3
2024-11-15,A95,22.78,https://anre.md/oil-get-table?firstDate=2024-11-01&secondDate=2024-11-30&fuelId=2
2024-11-15,DIESEL,19.84,https://anre.md/oil-get-table?firstDate=2024-11-01&secondDate=2024-11-30&fuelId=3
2024-11-18,A95,22.79,https://anre.md/oil-get-table?firstDate=2024-11-01&secondDate=2024-11-30&fuelId=2
2024-11-18,DIESEL,19.86,https://anre.md/oil-get-table?firstDate=2024-11-01&secondDate=2024-11-30&fuelId=3
2024-11-19,A95,22.80,https://anre.md/oil-get-table?firstDate=2024-11-01&secondDate=2024-11-30&fuelId=2
2024-11-19,DIESEL,19.88,https://anre.md/oil-get-table?firstDate=2024-11-01&secondDate=2024-11-30&fuelId=3
2024-11-20,A95,22.78,https://anre.md/oil-get-table?firstDate=2024-11-01&secondDate=2024-11-30&fuelId=2
2024-11-20,DIESEL,19.88,https://anre.md/oil-get-table?firstDate=2024-11-01&secondDate=2024-11-30&fuelId=3
2024-11-21,A95,22.79,https://anre.md/oil-get-table?firstDate=2024-11-01&secondDate=2024-11-30&fuelId=2
2024-11-21,DIESEL,19.89,https://anre.md/oil-get-table?firstDate=2024-11-01&secondDate=2024-11-30&fuelId=3
2024-11-22,A95,22.80,https://anre.md/oil-get-table?firstDate=2024-11-01&secondDate=2024-11-30&fuelId=2
2024-11-22,DIESEL,19.94,https://anre.md/oil-get-table?firstDate=2024-11-01&secondDate=2024-11-30&fuelId=3
2024-11-25,A95,22.86,https://anre.md/oil-get-table?firstDate=2024-11-01&secondDate=2024-11-30&fuelId=2
2024-11-25,DIESEL,20.03,https://anre.md/oil-get-table?firstDate=2024-11-01&secondDate=2024-11-30&fuelId=3
2024-11-26,A95,22.88,https://anre.md/oil-get-table?firstDate=2024-11-01&secondDate=2024-11-30&fuelId=2
2024-11-26,DIESEL,20.07,https://anre.md/oil-get-table?firstDate=2024-11-01&secondDate=2024-11-30&fuelId=3
2024-11-27,A95,22.91,https://anre.md/oil-get-table?firstDate=2024-11-01&secondDate=2024-11-30&fuelId=2
2024-11-27,DIESEL,20.10,https://anre.md/oil-get-table?firstDate=2024-11-01&secondDate=2024-11-30&fuelId=3
2024-11-28,A95,22.91,https://anre.md/oil-get-table?firstDate=2024-11-01&secondDate=2024-11-30&fuelId=2
2024-11-28,DIESEL,20.12,https://anre.md/oil-get-table?firstDate=2024-11-01&secondDate=2024-11-30&fuelId=3
2024-11-29,A95,22.90,https://anre.md/oil-get-table?firstDate=2024-11-01&secondDate=2024-11-30&fuelId=2
2024-11-29,DIESEL,20.11,https://anre.md/oil-get-table?firstDate=2024-11-01&secondDate=2024-11-30&fuelId=3
2024-12-02,A95,22.91,https://anre.md/oil-get-table?firstDate=2024-12-01&secondDate=2024-12-31&fuelId=2
2024-12-02,DIESEL,20.13,https://anre.md/oil-get-table?firstDate=2024-12-01&secondDate=2024-12-31&fuelId=3
2024-12-03,A95,22.87,https://anre.md/oil-get-table?firstDate=2024-12-01&secondDate=2024-12-31&fuelId=2
2024-12-03,DIESEL,20.09,https://anre.md/oil-get-table?firstDate=2024-12-01&secondDate=2024-12-31&fuelId=3
2024-12-04,A95,22.86,https://anre.md/oil-get-table?firstDate=2024-12-01&secondDate=2024-12-31&fuelId=2
2024-12-04,DIESEL,20.06,https://anre.md/oil-get-table?firstDate=2024-12-01&secondDate=2024-12-31&fuelId=3
2024-12-05,A95,22.84,https://anre.md/oil-get-table?firstDate=2024-12-01&secondDate=2024-12-31&fuelId=2
2024-12-05,DIESEL,20.02,https://anre.md/oil-get-table?firstDate=2024-12-01&secondDate=2024-12-31&fuelId=3
2024-12-06,A95,22.80,https://anre.md/oil-get-table?firstDate=2024-12-01&secondDate=2024-12-31&fuelId=2
2024-12-06,DIESEL,19.95,https://anre.md/oil-get-table?firstDate=2024-12-01&secondDate=2024-12-31&fuelId=3
2024-12-09,A95,22.75,https://anre.md/oil-get-table?firstDate=2024-12-01&secondDate=2024-12-31&fuelId=2
2024-12-09,DIESEL,19.86,https://anre.md/oil-get-table?firstDate=2024-12-01&secondDate=2024-12-31&fuelId=3
2024-12-10,A95,22.75,https://anre.md/oil-get-table?firstDate=2024-12-01&secondDate=2024-12-31&fuelId=2
2024-12-10,DIESEL,19.82,https://anre.md/oil-get-table?firstDate=2024-12-01&secondDate=2024-12-31&fuelId=3
2024-12-11,A95,22.76,https://anre.md/oil-get-table?firstDate=2024-12-01&secondDate=2024-12-31&fuelId=2
2024-12-11,DIESEL,19.78,https://anre.md/oil-get-table?firstDate=2024-12-01&secondDate=2024-12-31&fuelId=3
2024-12-12,A95,22.80,https://anre.md/oil-get-table?firstDate=2024-12-01&secondDate=2024-12-31&fuelId=2
2024-12-12,DIESEL,19.78,https://anre.md/oil-get-table?firstDate=2024-12-01&secondDate=2024-12-31&fuelId=3
2024-12-13,A95,22.84,https://anre.md/oil-get-table?firstDate=2024-12-01&secondDate=2024-12-31&fuelId=2
2024-12-13,DIESEL,19.77,https://anre.md/oil-get-table?firstDate=2024-12-01&secondDate=2024-12-31&fuelId=3
2024-12-16,A95,22.89,https://anre.md/oil-get-table?firstDate=2024-12-01&secondDate=2024-12-31&fuelId=2
2024-12-16,DIESEL,19.80,https://anre.md/oil-get-table?firstDate=2024-12-01&secondDate=2024-12-31&fuelId=3
2024-12-17,A95,22.94,https://anre.md/oil-get-table?firstDate=2024-12-01&secondDate=2024-12-31&fuelId=2
2024-12-17,DIESEL,19.83,https://anre.md/oil-get-table?firstDate=2024-12-01&secondDate=2024-12-31&fuelId=3
2024-12-18,A95,22.93,https://anre.md/oil-get-table?firstDate=2024-12-01&secondDate=2024-12-31&fuelId=2
2024-12-18,DIESEL,19.82,https://anre.md/oil-get-table?firstDate=2024-12-01&secondDate=2024-12-31&fuelId=3
2024-12-19,A95,22.95,https://anre.md/oil-get-table?firstDate=2024-12-01&secondDate=2024-12-31&fuelId=2
2024-12-19,DIESEL,19.86,https://anre.md/oil-get-table?firstDate=2024-12-01&secondDate=2024-12-31&fuelId=3
2024-12-20,A95,22.97,https://anre.md/oil-get-table?firstDate=2024-12-01&secondDate=2024-12-31&fuelId=2
2024-12-20,DIESEL,19.90,https://anre.md/oil-get-table?firstDate=2024-12-01&secondDate=2024-12-31&fuelId=3
2024-12-23,A95,23.01,https://anre.md/oil-get-table?firstDate=2024-12-01&secondDate=2024-12-31&fuelId=2
2024-12-23,DIESEL,19.96,https://anre.md/oil-get-table?firstDate=2024-12-01&secondDate=2024-12-31&fuelId=3
2024-12-24,A95,23.01,https://anre.md/oil-get-table?firstDate=2024-12-01&secondDate=2024-12-31&fuelId=2
2024-12-24,DIESEL,19.98,https://anre.md/oil-get-table?firstDate=2024-12-01&secondDate=2024-12-31&fuelId=3
2024-12-26,A95,23.00,https://anre.md/oil-get-table?firstDate=2024-12-01&secondDate=2024-12-31&fuelId=2
2024-12-26,DIESEL,20.02,https://anre.md/oil-get-table?firstDate=2024-12-01&secondDate=2024-12-31&fuelId=3
2024-12-27,A95,23.00,https://anre.md/oil-get-table?firstDate=2024-12-01&secondDate=2024-12-31&fuelId=2
2024-12-27,DIESEL,20.05,https://anre.md/oil-get-table?firstDate=2024-12-01&secondDate=2024-12-31&fuelId=3
2024-12-30,A95,22.99,https://anre.md/oil-get-table?firstDate=2024-12-01&secondDate=2024-12-31&fuelId=2
2024-12-30,DIESEL,20.04,https://anre.md/oil-get-table?firstDate=2024-12-01&secondDate=2024-12-31&fuelId=3
2024-12-31,A95,23.00,https://anre.md/oil-get-table?firstDate=2024-12-01&secondDate=2024-12-31&fuelId=2
2024-12-31,DIESEL,20.06,https://anre.md/oil-get-table?firstDate=2024-12-01&secondDate=2024-12-31&fuelId=3
2025-01-02,A95,23.15,https://anre.md/oil-get-table?firstDate=2025-01-01&secondDate=2025-01-31&fuelId=2
2025-01-02,DIESEL,20.18,https://anre.md/oil-get-table?firstDate=2025-01-01&secondDate=2025-01-31&fuelId=3
2025-01-03,A95,23.28,https://anre.md/oil-get-table?firstDate=2025-01-01&secondDate=2025-01-31&fuelId=2
2025-01-03,DIESEL,20.27,https://anre.md/oil-get-table?firstDate=2025-01-01&secondDate=2025-01-31&fuelId=3
2025-01-06,A95,23.51,https://anre.md/oil-get-table?firstDate=2025-01-01&secondDate=2025-01-31&fuelId=2
2025-01-06,DIESEL,20.42,https://anre.md/oil-get-table?firstDate=2025-01-01&secondDate=2025-01-31&fuelId=3
2025-01-09,A95,23.84,https://anre.md/oil-get-table?firstDate=2025-01-01&secondDate=2025-01-31&fuelId=2
2025-01-09,DIESEL,20.64,https://anre.md/oil-get-table?firstDate=2025-01-01&secondDate=2025-01-31&fuelId=3
2025-01-10,A95,23.90,https://anre.md/oil-get-table?firstDate=2025-01-01&secondDate=2025-01-31&fuelId=2
2025-01-10,DIESEL,20.68,https://anre.md/oil-get-table?firstDate=2025-01-01&secondDate=2025-01-31&fuelId=3
2025-01-13,A95,24.12,https://anre.md/oil-get-table?firstDate=2025-01-01&secondDate=2025-01-31&fuelId=2
2025-01-13,DIESEL,20.88,https://anre.md/oil-get-table?firstDate=2025-01-01&secondDate=2025-01-31&fuelId=3
2025-01-14,A95,24.27,https://anre.md/oil-get-table?firstDate=2025-01-01&secondDate=2025-01-31&fuelId=2
2025-01-14,DIESEL,21.03,https://anre.md/oil-get-table?firstDate=2025-01-01&secondDate=2025-01-31&fuelId=3
2025-01-15,A95,24.41,https://anre.md/oil-get-table?firstDate=2025-01-01&secondDate=2025-01-31&fuelId=2
2025-01-15,DIESEL,21.17,https://anre.md/oil-get-table?firstDate=2025-01-01&secondDate=2025-01-31&fuelId=3
2025-01-16,A95,24.48,https://anre.md/oil-get-table?firstDate=2025-01-01&secondDate=2025-01-31&fuelId=2
2025-01-16,DIESEL,21.26,https://anre.md/oil-get-table?firstDate=2025-01-01&secondDate=2025-01-31&fuelId=3
2025-01-17,A95,24.54,https://anre.md/oil-get-table?firstDate=2025-01-01&secondDate=2025-01-31&fuelId=2
2025-01-17,DIESEL,21.37,https://anre.md/oil-get-table?firstDate=2025-01-01&secondDate=2025-01-31&fuelId=3
2025-01-20,A95,24.62,https://anre.md/oil-get-table?firstDate=2025-01-01&secondDate=2025-01-31&fuelId=2
2025-01-20,DIESEL,21.49,https://anre.md/oil-get-table?firstDate=2025-01-01&secondDate=2025-01-31&fuelId=3
2025-01-21,A95,24.67,https://anre.md/oil-get-table?firstDate=2025-01-01&secondDate=2025-01-31&fuelId=2
2025-01-21,DIESEL,21.58,https://anre.md/oil-get-table?firstDate=2025-01-01&secondDate=2025-01-31&fuelId=3
2025-01-22,A95,24.71,https://anre.md/oil-get-table?firstDate=2025-01-01&secondDate=2025-01-31&fuelId=2
2025-01-22,DIESEL,21.64,https://anre.md/oil-get-table?firstDate=2025-01-01&secondDate=2025-01-31&fuelId=3
2025-01-23,A95,24.76,https://anre.md/oil-get-table?firstDate=2025-01-01&secondDate=2025-01-31&fuelId=2
2025-01-23,DIESEL,21.70,https://anre.md/oil-get-table?firstDate=2025-01-01&secondDate=2025-01-31&fuelId=3
2025-01-24,A95,24.79,https://anre.md/oil-get-table?firstDate=2025-01-01&secondDate=2025-01-31&fuelId=2
2025-01-24,DIESEL,21.71,https://anre.md/oil-get-table?firstDate=2025-01-01&secondDate=2025-01-31&fuelId=3
2025-01-27,A95,24.79,https://anre.md/oil-get-table?firstDate=2025-01-01&secondDate=2025-01-31&fuelId=2
2025-01-27,DIESEL,21.69,https://anre.md/oil-get-table?firstDate=2025-01-01&secondDate=2025-01-31&fuelId=3
2025-01-28,A95,24.74,https://anre.md/oil-get-table?firstDate=2025-01-01&secondDate=2025-01-31&fuelId=2
2025-01-28,DIESEL,21.58,https://anre.md/oil-get-table?firstDate=2025-01-01&secondDate=2025-01-31&fuelId=3
2025-01-29,A95,24.69,https://anre.md/oil-get-table?firstDate=2025-01-01&secondDate=2025-01-31&fuelId=2
2025-01-29,DIESEL,21.49,https://anre.md/oil-get-table?firstDate=2025-01-01&secondDate=2025-01-31&fuelId=3
2025-01-30,A95,24.63,https://anre.md/oil-get-table?firstDate=2025-01-01&secondDate=2025-01-31&fuelId=2
2025-01-30,DIESEL,21.39,https://anre.md/oil-get-table?firstDate=2025-01-01&secondDate=2025-01-31&fuelId=3
2025-01-31,A95,24.60,https://anre.md/oil-get-table?firstDate=2025-01-01&secondDate=2025-01-31&fuelId=2
2025-01-31,DIESEL,21.31,https://anre.md/oil-get-table?firstDate=2025-01-01&secondDate=2025-01-31&fuelId=3
2025-02-03,A95,24.55,https://anre.md/oil-get-table?firstDate=2025-02-01&secondDate=2025-02-28&fuelId=2
2025-02-03,DIESEL,21.22,https://anre.md/oil-get-table?firstDate=2025-02-01&secondDate=2025-02-28&fuelId=3
2025-02-04,A95,24.52,https://anre.md/oil-get-table?firstDate=2025-02-01&secondDate=2025-02-28&fuelId=2
2025-02-04,DIESEL,21.16,https://anre.md/oil-get-table?firstDate=2025-02-01&secondDate=2025-02-28&fuelId=3
2025-02-05,A95,24.52,https://anre.md/oil-get-table?firstDate=2025-02-01&secondDate=2025-02-28&fuelId=2
2025-02-05,DIESEL,21.14,https://anre.md/oil-get-table?firstDate=2025-02-01&secondDate=2025-02-28&fuelId=3
2025-02-06,A95,24.49,https://anre.md/oil-get-table?firstDate=2025-02-01&secondDate=2025-02-28&fuelId=2
2025-02-06,DIESEL,21.11,https://anre.md/oil-get-table?firstDate=2025-02-01&secondDate=2025-02-28&fuelId=3
2025-02-07,A95,24.48,https://anre.md/oil-get-table?firstDate=2025-02-01&secondDate=2025-02-28&fuelId=2
2025-02-07,DIESEL,21.09,https://anre.md/oil-get-table?firstDate=2025-02-01&secondDate=2025-02-28&fuelId=3
2025-02-10,A95,24.50,https://anre.md/oil-get-table?firstDate=2025-02-01&secondDate=2025-02-28&fuelId=2
2025-02-10,DIESEL,21.09,https://anre.md/oil-get-table?firstDate=2025-02-01&secondDate=2025-02-28&fuelId=3
2025-02-11,A95,24.53,https://anre.md/oil-get-table?firstDate=2025-02-01&secondDate=2025-02-28&fuelId=2
2025-02-11,DIESEL,21.13,https://anre.md/oil-get-table?firstDate=2025-02-01&secondDate=2025-02-28&fuelId=3
2025-02-12,A95,24.59,https://anre.md/oil-get-table?firstDate=2025-02-01&secondDate=2025-02-28&fuelId=2
2025-02-12,DIESEL,21.20,https://anre.md/oil-get-table?firstDate=2025-02-01&secondDate=2025-02-28&fuelId=3
2025-02-13,A95,24.61,https://anre.md/oil-get-table?firstDate=2025-02-01&secondDate=2025-02-28&fuelId=2
2025-02-13,DIESEL,21.25,https://anre.md/oil-get-table?firstDate=2025-02-01&secondDate=2025-02-28&fuelId=3
2025-02-14,A95,24.60,https://anre.md/oil-get-table?firstDate=2025-02-01&secondDate=2025-02-28&fuelId=2
2025-02-14,DIESEL,21.26,https://anre.md/oil-get-table?firstDate=2025-02-01&secondDate=2025-02-28&fuelId=3
2025-02-17,A95,24.61,https://anre.md/oil-get-table?firstDate=2025-02-01&secondDate=2025-02-28&fuelId=2
2025-02-17,DIESEL,21.27,https://anre.md/oil-get-table?firstDate=2025-02-01&secondDate=2025-02-28&fuelId=3
2025-02-18,A95,24.61,https://anre.md/oil-get-table?firstDate=2025-02-01&secondDate=2025-02-28&fuelId=2
2025-02-18,DIESEL,21.26,https://anre.md/oil-get-table?firstDate=2025-02-01&secondDate=2025-02-28&fuelId=3
2025-02-19,A95,24.58,https://anre.md/oil-get-table?firstDate=2025-02-01&secondDate=2025-02-28&fuelId=2
2025-02-19,DIESEL,21.25,https://anre.md/oil-get-table?firstDate=2025-02-01&secondDate=2025-02-28&fuelId=3
2025-02-20,A95,24.59,https://anre.md/oil-get-table?firstDate=2025-02-01&secondDate=2025-02-28&fuelId=2
2025-02-20,DIESEL,21.28,https://anre.md/oil-get-table?firstDate=2025-02-01&secondDate=2025-02-28&fuelId=3
2025-02-21,A95,24.60,https://anre.md/oil-get-table?firstDate=2025-02-01&secondDate=2025-02-28&fuelId=2
2025-02-21,DIESEL,21.35,https://anre.md/oil-get-table?firstDate=2025-02-01&secondDate=2025-02-28&fuelId=3
2025-02-24,A95,24.56,https://anre.md/oil-get-table?firstDate=2025-02-01&secondDate=2025-02-28&fuelId=2
2025-02-24,DIESEL,21.35,https://anre.md/oil-get-table?firstDate=2025-02-01&secondDate=2025-02-28&fuelId=3
2025-02-25,A95,24.50,https://anre.md/oil-get-table?firstDate=2025-02-01&secondDate=2025-02-28&fuelId=2
2025-02-25,DIESEL,21.33,https://anre.md/oil-get-table?firstDate=2025-02-01&secondDate=2025-02-28&fuelId=3
2025-02-26,A95,24.40,https://anre.md/oil-get-table?firstDate=2025-02-01&secondDate=2025-02-28&fuelId=2
2025-02-26,DIESEL,21.25,https://anre.md/oil-get-table?firstDate=2025-02-01&secondDate=2025-02-28&fuelId=3
2025-02-27,A95,24.32,https://anre.md/oil-get-table?firstDate=2025-02-01&secondDate=2025-02-28&fuelId=2
2025-02-27,DIESEL,21.15,https://anre.md/oil-get-table?firstDate=2025-02-01&secondDate=2025-02-28&fuelId=3
2025-02-28,A95,24.27,https://anre.md/oil-get-table?firstDate=2025-02-01&secondDate=2025-02-28&fuelId=2
2025-02-28,DIESEL,21.11,https://anre.md/oil-get-table?firstDate=2025-02-01&secondDate=2025-02-28&fuelId=3
2025-03-03,A95,24.19,https://anre.md/oil-get-table?firstDate=2025-03-01&secondDate=2025-03-31&fuelId=2
2025-03-03,DIESEL,21.05,https://anre.md/oil-get-table?firstDate=2025-03-01&secondDate=2025-03-31&fuelId=3
2025-03-04,A95,24.12,https://anre.md/oil-get-table?firstDate=2025-03-01&secondDate=2025-03-31&fuelId=2
2025-03-04,DIESEL,21.01,https://anre.md/oil-get-table?firstDate=2025-03-01&secondDate=2025-03-31&fuelId=3
2025-03-05,A95,24.00,https://anre.md/oil-get-table?firstDate=2025-03-01&secondDate=2025-03-31&fuelId=2
2025-03-05,DIESEL,20.92,https://anre.md/oil-get-table?firstDate=2025-03-01&secondDate=2025-03-31&fuelId=3
2025-03-06,A95,23.83,https://anre.md/oil-get-table?firstDate=2025-03-01&secondDate=2025-03-31&fuelId=2
2025-03-06,DIESEL,20.77,https://anre.md/oil-get-table?firstDate=2025-03-01&secondDate=2025-03-31&fuelId=3
2025-03-07,A95,23.64,https://anre.md/oil-get-table?firstDate=2025-03-01&secondDate=2025-03-31&fuelId=2
2025-03-07,DIESEL,20.61,https://anre.md/oil-get-table?firstDate=2025-03-01&secondDate=2025-03-31&fuelId=3
2025-03-10,A95,23.44,https://anre.md/oil-get-table?firstDate=2025-03-01&secondDate=2025-03-31&fuelId=2
2025-03-10,DIESEL,20.43,https://anre.md/oil-get-table?firstDate=2025-03-01&secondDate=2025-03-31&fuelId=3
2025-03-11,A95,23.30,https://anre.md/oil-get-table?firstDate=2025-03-01&secondDate=2025-03-31&fuelId=2
2025-03-11,DIESEL,20.31,https://anre.md/oil-get-table?firstDate=2025-03-01&secondDate=2025-03-31&fuelId=3
2025-03-12,A95,23.21,https://anre.md/oil-get-table?firstDate=2025-03-01&secondDate=2025-03-31&fuelId=2
2025-03-12,DIESEL,20.22,https://anre.md/oil-get-table?firstDate=2025-03-01&secondDate=2025-03-31&fuelId=3
2025-03-13,A95,23.15,https://anre.md/oil-get-table?firstDate=2025-03-01&secondDate=2025-03-31&fuelId=2
2025-03-13,DIESEL,20.15,https://anre.md/oil-get-table?firstDate=2025-03-01&secondDate=2025-03-31&fuelId=3
2025-03-14,A95,23.08,https://anre.md/oil-get-table?firstDate=2025-03-01&secondDate=2025-03-31&fuelId=2
2025-03-14,DIESEL,20.03,https://anre.md/oil-get-table?firstDate=2025-03-01&secondDate=2025-03-31&fuelId=3
2025-03-17,A95,22.95,https://anre.md/oil-get-table?firstDate=2025-03-01&secondDate=2025-03-31&fuelId=2
2025-03-17,DIESEL,19.83,https://anre.md/oil-get-table?firstDate=2025-03-01&secondDate=2025-03-31&fuelId=3
2025-03-18,A95,22.92,https://anre.md/oil-get-table?firstDate=2025-03-01&secondDate=2025-03-31&fuelId=2
2025-03-18,DIESEL,19.73,https://anre.md/oil-get-table?firstDate=2025-03-01&secondDate=2025-03-31&fuelId=3
2025-03-19,A95,22.93,https://anre.md/oil-get-table?firstDate=2025-03-01&secondDate=2025-03-31&fuelId=2
2025-03-19,DIESEL,19.65,https://anre.md/oil-get-table?firstDate=2025-03-01&secondDate=2025-03-31&fuelId=3
2025-03-20,A95,22.98,https://anre.md/oil-get-table?firstDate=2025-03-01&secondDate=2025-03-31&fuelId=2
2025-03-20,DIESEL,19.63,https://anre.md/oil-get-table?firstDate=2025-03-01&secondDate=2025-03-31&fuelId=3
2025-03-21,A95,23.06,https://anre.md/oil-get-table?firstDate=2025-03-01&secondDate=2025-03-31&fuelId=2
2025-03-21,DIESEL,19.61,https://anre.md/oil-get-table?firstDate=2025-03-01&secondDate=2025-03-31&fuelId=3
2025-03-24,A95,23.13,https://anre.md/oil-get-table?firstDate=2025-03-01&secondDate=2025-03-31&fuelId=2
2025-03-24,DIESEL,19.59,https://anre.md/oil-get-table?firstDate=2025-03-01&secondDate=2025-03-31&fuelId=3
2025-03-25,A95,23.22,https://anre.md/oil-get-table?firstDate=2025-03-01&secondDate=2025-03-31&fuelId=2
2025-03-25,DIESEL,19.60,https://anre.md/oil-get-table?firstDate=2025-03-01&secondDate=2025-03-31&fuelId=3
2025-03-26,A95,23.30,https://anre.md/oil-get-table?firstDate=2025-03-01&secondDate=2025-03-31&fuelId=2
2025-03-26,DIESEL,19.60,https://anre.md/oil-get-table?firstDate=2025-03-01&secondDate=2025-03-31&fuelId=3
2025-03-27,A95,23.37,https://anre.md/oil-get-table?firstDate=2025-03-01&secondDate=2025-03-31&fuelId=2
2025-03-27,DIESEL,19.63,https://anre.md/oil-get-table?firstDate=2025-03-01&secondDate=2025-03-31&fuelId=3
2025-03-28,A95,23.44,https://anre.md/oil-get-table?firstDate=2025-03-01&secondDate=2025-03-31&fuelId=2
2025-03-28,DIESEL,19.67,https://anre.md/oil-get-table?firstDate=2025-03-01&secondDate=2025-03-31&fuelId=3
2025-03-31,A95,23.53,https://anre.md/oil-get-table?firstDate=2025-03-01&secondDate=2025-03-31&fuelId=2
2025-03-31,DIESEL,19.73,https://anre.md/oil-get-table?firstDate=2025-03-01&secondDate=2025-03-31&fuelId=3
2025-04-01,A95,23.60,https://anre.md/oil-get-table?firstDate=2025-04-01&secondDate=2025-04-30&fuelId=2
2025-04-01,DIESEL,19.79,https://anre.md/oil-get-table?firstDate=2025-04-01&secondDate=2025-04-30&fuelId=3
2025-04-02,A95,23.69,https://anre.md/oil-get-table?firstDate=2025-04-01&secondDate=2025-04-30&fuelId=2
2025-04-02,DIESEL,19.84,https://anre.md/oil-get-table?firstDate=2025-04-01&secondDate=2025-04-30&fuelId=3
2025-04-03,A95,23.77,https://anre.md/oil-get-table?firstDate=2025-04-01&secondDate=2025-04-30&fuelId=2
2025-04-03,DIESEL,19.91,https://anre.md/oil-get-table?firstDate=2025-04-01&secondDate=2025-04-30&fuelId=3
2025-04-04,A95,23.76,https://anre.md/oil-get-table?firstDate=2025-04-01&secondDate=2025-04-30&fuelId=2
2025-04-04,DIESEL,19.88,https://anre.md/oil-get-table?firstDate=2025-04-01&secondDate=2025-04-30&fuelId=3
2025-04-07,A95,23.63,https://anre.md/oil-get-table?firstDate=2025-04-01&secondDate=2025-04-30&fuelId=2
2025-04-07,DIESEL,19.73,https://anre.md/oil-get-table?firstDate=2025-04-01&secondDate=2025-04-30&fuelId=3
2025-04-08,A95,23.51,https://anre.md/oil-get-table?firstDate=2025-04-01&secondDate=2025-04-30&fuelId=2
2025-04-08,DIESEL,19.60,https://anre.md/oil-get-table?firstDate=2025-04-01&secondDate=2025-04-30&fuelId=3
2025-04-09,A95,23.38,https://anre.md/oil-get-table?firstDate=2025-04-01&secondDate=2025-04-30&fuelId=2
2025-04-09,DIESEL,19.48,https://anre.md/oil-get-table?firstDate=2025-04-01&secondDate=2025-04-30&fuelId=3
2025-04-10,A95,23.18,https://anre.md/oil-get-table?firstDate=2025-04-01&secondDate=2025-04-30&fuelId=2
2025-04-10,DIESEL,19.30,https://anre.md/oil-get-table?firstDate=2025-04-01&secondDate=2025-04-30&fuelId=3
2025-04-11,A95,23.02,https://anre.md/oil-get-table?firstDate=2025-04-01&secondDate=2025-04-30&fuelId=2
2025-04-11,DIESEL,19.15,https://anre.md/oil-get-table?firstDate=2025-04-01&secondDate=2025-04-30&fuelId=3
2025-04-14,A95,22.81,https://anre.md/oil-get-table?firstDate=2025-04-01&secondDate=2025-04-30&fuelId=2
2025-04-14,DIESEL,18.96,https://anre.md/oil-get-table?firstDate=2025-04-01&secondDate=2025-04-30&fuelId=3
2025-04-15,A95,22.64,https://anre.md/oil-get-table?firstDate=2025-04-01&secondDate=2025-04-30&fuelId=2
2025-04-15,DIESEL,18.79,https://anre.md/oil-get-table?firstDate=2025-04-01&secondDate=2025-04-30&fuelId=3
2025-04-16,A95,22.46,https://anre.md/oil-get-table?firstDate=2025-04-01&secondDate=2025-04-30&fuelId=2
2025-04-16,DIESEL,18.62,https://anre.md/oil-get-table?firstDate=2025-04-01&secondDate=2025-04-30&fuelId=3
2025-04-17,A95,22.31,https://anre.md/oil-get-table?firstDate=2025-04-01&secondDate=2025-04-30&fuelId=2
2025-04-17,DIESEL,18.47,https://anre.md/oil-get-table?firstDate=2025-04-01&secondDate=2025-04-30&fuelId=3
2025-04-18,A95,22.23,https://anre.md/oil-get-table?firstDate=2025-04-01&secondDate=2025-04-30&fuelId=2
2025-04-18,DIESEL,18.40,https://anre.md/oil-get-table?firstDate=2025-04-01&secondDate=2025-04-30&fuelId=3
2025-04-22,A95,22.13,https://anre.md/oil-get-table?firstDate=2025-04-01&secondDate=2025-04-30&fuelId=2
2025-04-22,DIESEL,18.32,https://anre.md/oil-get-table?firstDate=2025-04-01&secondDate=2025-04-30&fuelId=3
2025-04-23,A95,22.17,https://anre.md/oil-get-table?firstDate=2025-04-01&secondDate=2025-04-30&fuelId=2
2025-04-23,DIESEL,18.35,https://anre.md/oil-get-table?firstDate=2025-04-01&secondDate=2025-04-30&fuelId=3
2025-04-24,A95,22.25,https://anre.md/oil-get-table?firstDate=2025-04-01&secondDate=2025-04-30&fuelId=2
2025-04-24,DIESEL,18.40,https://anre.md/oil-get-table?firstDate=2025-04-01&secondDate=2025-04-30&fuelId=3
2025-04-25,A95,22.30,https://anre.md/oil-get-table?firstDate=2025-04-01&secondDate=2025-04-30&fuelId=2
2025-04-25,DIESEL,18.43,https://anre.md/oil-get-table?firstDate=2025-04-01&secondDate=2025-04-30&fuelId=3
2025-04-29,A95,22.36,https://anre.md/oil-get-table?firstDate=2025-04-01&secondDate=2025-04-30&fuelId=2
2025-04-29,DIESEL,18.49,https://anre.md/oil-get-table?firstDate=2025-04-01&secondDate=2025-04-30&fuelId=3
2025-04-30,A95,22.38,https://anre.md/oil-get-table?firstDate=2025-04-01&secondDate=2025-04-30&fuelId=2
2025-04-30,DIESEL,18.52,https://anre.md/oil-get-table?firstDate=2025-04-01&secondDate=2025-04-30&fuelId=3
2025-05-02,A95,22.34,https://anre.md/oil-get-table?firstDate=2025-05-01&secondDate=2025-05-31&fuelId=2
2025-05-02,DIESEL,18.43,https://anre.md/oil-get-table?firstDate=2025-05-01&secondDate=2025-05-31&fuelId=3
2025-05-05,A95,22.31,https://anre.md/oil-get-table?firstDate=2025-05-01&secondDate=2025-05-31&fuelId=2
2025-05-05,DIESEL,18.37,https://anre.md/oil-get-table?firstDate=2025-05-01&secondDate=2025-05-31&fuelId=3
2025-05-06,A95,22.31,https://anre.md/oil-get-table?firstDate=2025-05-01&secondDate=2025-05-31&fuelId=2
2025-05-06,DIESEL,18.37,https://anre.md/oil-get-table?firstDate=2025-05-01&secondDate=2025-05-31&fuelId=3
2025-05-07,A95,22.28,https://anre.md/oil-get-table?firstDate=2025-05-01&secondDate=2025-05-31&fuelId=2
2025-05-07,DIESEL,18.31,https://anre.md/oil-get-table?firstDate=2025-05-01&secondDate=2025-05-31&fuelId=3
2025-05-08,A95,22.26,https://anre.md/oil-get-table?firstDate=2025-05-01&secondDate=2025-05-31&fuelId=2
2025-05-08,DIESEL,18.25,https://anre.md/oil-get-table?firstDate=2025-05-01&secondDate=2025-05-31&fuelId=3
2025-05-12,A95,22.24,https://anre.md/oil-get-table?firstDate=2025-05-01&secondDate=2025-05-31&fuelId=2
2025-05-12,DIESEL,18.16,https://anre.md/oil-get-table?firstDate=2025-05-01&secondDate=2025-05-31&fuelId=3
2025-05-13,A95,22.28,https://anre.md/oil-get-table?firstDate=2025-05-01&secondDate=2025-05-31&fuelId=2
2025-05-13,DIESEL,18.15,https://anre.md/oil-get-table?firstDate=2025-05-01&secondDate=2025-05-31&fuelId=3
2025-05-14,A95,22.36,https://anre.md/oil-get-table?firstDate=2025-05-01&secondDate=2025-05-31&fuelId=2
2025-05-14,DIESEL,18.20,https://anre.md/oil-get-table?firstDate=2025-05-01&secondDate=2025-05-31&fuelId=3
2025-05-15,A95,22.45,https://anre.md/oil-get-table?firstDate=2025-05-01&secondDate=2025-05-31&fuelId=2
2025-05-15,DIESEL,18.27,https://anre.md/oil-get-table?firstDate=2025-05-01&secondDate=2025-05-31&fuelId=3
2025-05-16,A95,22.51,https://anre.md/oil-get-table?firstDate=2025-05-01&secondDate=2025-05-31&fuelId=2
2025-05-16,DIESEL,18.34,https://anre.md/oil-get-table?firstDate=2025-05-01&secondDate=2025-05-31&fuelId=3
2025-05-19,A95,22.62,https://anre.md/oil-get-table?firstDate=2025-05-01&secondDate=2025-05-31&fuelId=2
2025-05-19,DIESEL,18.45,https://anre.md/oil-get-table?firstDate=2025-05-01&secondDate=2025-05-31&fuelId=3
2025-05-20,A95,22.64,https://anre.md/oil-get-table?firstDate=2025-05-01&secondDate=2025-05-31&fuelId=2
2025-05-20,DIESEL,18.47,https://anre.md/oil-get-table?firstDate=2025-05-01&secondDate=2025-05-31&fuelId=3
2025-05-21,A95,22.68,https://anre.md/oil-get-table?firstDate=2025-05-01&secondDate=2025-05-31&fuelId=2
2025-05-21,DIESEL,18.50,https://anre.md/oil-get-table?firstDate=2025-05-01&secondDate=2025-05-31&fuelId=3
2025-05-22,A95,22.76,https://anre.md/oil-get-table?firstDate=2025-05-01&secondDate=2025-05-31&fuelId=2
2025-05-22,DIESEL,18.55,https://anre.md/oil-get-table?firstDate=2025-05-01&secondDate=2025-05-31&fuelId=3
2025-05-23,A95,22.80,https://anre.md/oil-get-table?firstDate=2025-05-01&secondDate=2025-05-31&fuelId=2
2025-05-23,DIESEL,18.57,https://anre.md/oil-get-table?firstDate=2025-05-01&secondDate=2025-05-31&fuelId=3
2025-05-26,A95,22.86,https://anre.md/oil-get-table?firstDate=2025-05-01&secondDate=2025-05-31&fuelId=2
2025-05-26,DIESEL,18.61,https://anre.md/oil-get-table?firstDate=2025-05-01&secondDate=2025-05-31&fuelId=3
2025-05-27,A95,22.87,https://anre.md/oil-get-table?firstDate=2025-05-01&secondDate=2025-05-31&fuelId=2
2025-05-27,DIESEL,18.61,https://anre.md/oil-get-table?firstDate=2025-05-01&secondDate=2025-05-31&fuelId=3
2025-05-28,A95,22.82,https://anre.md/oil-get-table?firstDate=2025-05-01&secondDate=2025-05-31&fuelId=2
2025-05-28,DIESEL,18.55,https://anre.md/oil-get-table?firstDate=2025-05-01&secondDate=2025-05-31&fuelId=3
2025-05-29,A95,22.79,https://anre.md/oil-get-table?firstDate=2025-05-01&secondDate=2025-05-31&fuelId=2
2025-05-29,DIESEL,18.50,https://anre.md/oil-get-table?firstDate=2025-05-01&secondDate=2025-05-31&fuelId=3
2025-05-30,A95,22.77,https://anre.md/oil-get-table?firstDate=2025-05-01&secondDate=2025-05-31&fuelId=2
2025-05-30,DIESEL,18.45,https://anre.md/oil-get-table?firstDate=2025-05-01&secondDate=2025-05-31&fuelId=3
2025-06-02,A95,22.72,https://anre.md/oil-get-table?firstDate=2025-06-01&secondDate=2025-06-30&fuelId=2
2025-06-02,DIESEL,18.38,https://anre.md/oil-get-table?firstDate=2025-06-01&secondDate=2025-06-30&fuelId=3
2025-06-03,A95,22.73,https://anre.md/oil-get-table?firstDate=2025-06-01&secondDate=2025-06-30&fuelId=2
2025-06-03,DIESEL,18.35,https://anre.md/oil-get-table?firstDate=2025-06-01&secondDate=2025-06-30&fuelId=3
2025-06-04,A95,22.74,https://anre.md/oil-get-table?firstDate=2025-06-01&secondDate=2025-06-30&fuelId=2
2025-06-04,DIESEL,18.38,https://anre.md/oil-get-table?firstDate=2025-06-01&secondDate=2025-06-30&fuelId=3
2025-06-05,A95,22.72,https://anre.md/oil-get-table?firstDate=2025-06-01&secondDate=2025-06-30&fuelId=2
2025-06-05,DIESEL,18.40,https://anre.md/oil-get-table?firstDate=2025-06-01&secondDate=2025-06-30&fuelId=3
2025-06-06,A95,22.72,https://anre.md/oil-get-table?firstDate=2025-06-01&secondDate=2025-06-30&fuelId=2
2025-06-06,DIESEL,18.44,https://anre.md/oil-get-table?firstDate=2025-06-01&secondDate=2025-06-30&fuelId=3
2025-06-09,A95,22.71,https://anre.md/oil-get-table?firstDate=2025-06-01&secondDate=2025-06-30&fuelId=2
2025-06-09,DIESEL,18.46,https://anre.md/oil-get-table?firstDate=2025-06-01&secondDate=2025-06-30&fuelId=3
2025-06-10,A95,22.73,https://anre.md/oil-get-table?firstDate=2025-06-01&secondDate=2025-06-30&fuelId=2
2025-06-10,DIESEL,18.50,https://anre.md/oil-get-table?firstDate=2025-06-01&secondDate=2025-06-30&fuelId=3
2025-06-11,A95,22.78,https://anre.md/oil-get-table?firstDate=2025-06-01&secondDate=2025-06-30&fuelId=2
2025-06-11,DIESEL,18.58,https://anre.md/oil-get-table?firstDate=2025-06-01&secondDate=2025-06-30&fuelId=3
2025-06-12,A95,22.83,https://anre.md/oil-get-table?firstDate=2025-06-01&secondDate=2025-06-30&fuelId=2
2025-06-12,DIESEL,18.63,https://anre.md/oil-get-table?firstDate=2025-06-01&secondDate=2025-06-30&fuelId=3
2025-06-13,A95,22.90,https://anre.md/oil-get-table?firstDate=2025-06-01&secondDate=2025-06-30&fuelId=2
2025-06-13,DIESEL,18.72,https://anre.md/oil-get-table?firstDate=2025-06-01&secondDate=2025-06-30&fuelId=3
2025-06-16,A95,22.96,https://anre.md/oil-get-table?firstDate=2025-06-01&secondDate=2025-06-30&fuelId=2
2025-06-16,DIESEL,18.85,https://anre.md/oil-get-table?firstDate=2025-06-01&secondDate=2025-06-30&fuelId=3
2025-06-17,A95,23.02,https://anre.md/oil-get-table?firstDate=2025-06-01&secondDate=2025-06-30&fuelId=2
2025-06-17,DIESEL,18.99,https://anre.md/oil-get-table?firstDate=2025-06-01&secondDate=2025-06-30&fuelId=3
2025-06-18,A95,23.10,https://anre.md/oil-get-table?firstDate=2025-06-01&secondDate=2025-06-30&fuelId=2
2025-06-18,DIESEL,19.18,https://anre.md/oil-get-table?firstDate=2025-06-01&secondDate=2025-06-30&fuelId=3
2025-06-19,A95,23.22,https://anre.md/oil-get-table?firstDate=2025-06-01&secondDate=2025-06-30&fuelId=2
2025-06-19,DIESEL,19.41,https://anre.md/oil-get-table?firstDate=2025-06-01&secondDate=2025-06-30&fuelId=3
2025-06-20,A95,23.37,https://anre.md/oil-get-table?firstDate=2025-06-01&secondDate=2025-06-30&fuelId=2
2025-06-20,DIESEL,19.74,https://anre.md/oil-get-table?firstDate=2025-06-01&secondDate=2025-06-30&fuelId=3
2025-06-23,A95,23.50,https://anre.md/oil-get-table?firstDate=2025-06-01&secondDate=2025-06-30&fuelId=2
2025-06-23,DIESEL,20.00,https://anre.md/oil-get-table?firstDate=2025-06-01&secondDate=2025-06-30&fuelId=3
2025-06-24,A95,23.61,https://anre.md/oil-get-table?firstDate=2025-06-01&secondDate=2025-06-30&fuelId=2
2025-06-24,DIESEL,20.20,https://anre.md/oil-get-table?firstDate=2025-06-01&secondDate=2025-06-30&fuelId=3
2025-06-25,A95,23.61,https://anre.md/oil-get-table?firstDate=2025-06-01&secondDate=2025-06-30&fuelId=2
2025-06-25,DIESEL,20.25,https://anre.md/oil-get-table?firstDate=2025-06-01&secondDate=2025-06-30&fuelId=3
2025-06-26,A95,23.59,https://anre.md/oil-get-table?firstDate=2025-06-01&secondDate=2025-06-30&fuelId=2
2025-06-26,DIESEL,20.32,https://anre.md/oil-get-table?firstDate=2025-06-01&secondDate=2025-06-30&fuelId=3
2025-06-27,A95,23.56,https://anre.md/oil-get-table?firstDate=2025-06-01&secondDate=2025-06-30&fuelId=2
2025-06-27,DIESEL,20.38,https://anre.md/oil-get-table?firstDate=2025-06-01&secondDate=2025-06-30&fuelId=3
2025-06-30,A95,23.47,https://anre.md/oil-get-table?firstDate=2025-06-01&secondDate=2025-06-30&fuelId=2
2025-06-30,DIESEL,20.34,https://anre.md/oil-get-table?firstDate=2025-06-01&secondDate=2025-06-30&fuelId=3
2025-07-01,A95,23.62,https://anre.md/oil-get-table?firstDate=2025-07-01&secondDate=2025-07-31&fuelId=2
2025-07-01,DIESEL,20.53,https://anre.md/oil-get-table?firstDate=2025-07-01&secondDate=2025-07-31&fuelId=3
2025-07-02,A95,23.52,https://anre.md/oil-get-table?firstDate=2025-07-01&secondDate=2025-07-31&fuelId=2
2025-07-02,DIESEL,20.46,https://anre.md/oil-get-table?firstDate=2025-07-01&secondDate=2025-07-31&fuelId=3
2025-07-03,A95,23.42,https://anre.md/oil-get-table?firstDate=2025-07-01&secondDate=2025-07-31&fuelId=2
2025-07-03,DIESEL,20.38,https://anre.md/oil-get-table?firstDate=2025-07-01&secondDate=2025-07-31&fuelId=3
2025-07-04,A95,23.27,https://anre.md/oil-get-table?firstDate=2025-07-01&secondDate=2025-07-31&fuelId=2
2025-07-04,DIESEL,20.21,https://anre.md/oil-get-table?firstDate=2025-07-01&secondDate=2025-07-31&fuelId=3
2025-07-07,A95,23.12,https://anre.md/oil-get-table?firstDate=2025-07-01&secondDate=2025-07-31&fuelId=2
2025-07-07,DIESEL,20.08,https://anre.md/oil-get-table?firstDate=2025-07-01&secondDate=2025-07-31&fuelId=3
2025-07-08,A95,23.02,https://anre.md/oil-get-table?firstDate=2025-07-01&secondDate=2025-07-31&fuelId=2
2025-07-08,DIESEL,20.02,https://anre.md/oil-get-table?firstDate=2025-07-01&secondDate=2025-07-31&fuelId=3
2025-07-09,A95,23.04,https://anre.md/oil-get-table?firstDate=2025-07-01&secondDate=2025-07-31&fuelId=2
2025-07-09,DIESEL,20.13,https://anre.md/oil-get-table?firstDate=2025-07-01&secondDate=2025-07-31&fuelId=3
2025-07-10,A95,23.08,https://anre.md/oil-get-table?firstDate=2025-07-01&secondDate=2025-07-31&fuelId=2
2025-07-10,DIESEL,20.22,https://anre.md/oil-get-table?firstDate=2025-07-01&secondDate=2025-07-31&fuelId=3
2025-07-11,A95,23.09,https://anre.md/oil-get-table?firstDate=2025-07-01&secondDate=2025-07-31&fuelId=2
2025-07-11,DIESEL,20.29,https://anre.md/oil-get-table?firstDate=2025-07-01&secondDate=2025-07-31&fuelId=3
2025-07-14,A95,23.14,https://anre.md/oil-get-table?firstDate=2025-07-01&secondDate=2025-07-31&fuelId=2
2025-07-14,DIESEL,20.43,https://anre.md/oil-get-table?firstDate=2025-07-01&secondDate=2025-07-31&fuelId=3
2025-07-15,A95,23.19,https://anre.md/oil-get-table?firstDate=2025-07-01&secondDate=2025-07-31&fuelId=2
2025-07-15,DIESEL,20.53,https://anre.md/oil-get-table?firstDate=2025-07-01&secondDate=2025-07-31&fuelId=3
2025-07-16,A95,23.23,https://anre.md/oil-get-table?firstDate=2025-07-01&secondDate=2025-07-31&fuelId=2
2025-07-16,DIESEL,20.59,https://anre.md/oil-get-table?firstDate=2025-07-01&secondDate=2025-07-31&fuelId=3
2025-07-17,A95,23.25,https://anre.md/oil-get-table?firstDate=2025-07-01&secondDate=2025-07-31&fuelId=2
2025-07-17,DIESEL,20.60,https://anre.md/oil-get-table?firstDate=2025-07-01&secondDate=2025-07-31&fuelId=3
2025-07-18,A95,23.27,https://anre.md/oil-get-table?firstDate=2025-07-01&secondDate=2025-07-31&fuelId=2
2025-07-18,DIESEL,20.63,https://anre.md/oil-get-table?firstDate=2025-07-01&secondDate=2025-07-31&fuelId=3
2025-07-21,A95,23.31,https://anre.md/oil-get-table?firstDate=2025-07-01&secondDate=2025-07-31&fuelId=2
2025-07-21,DIESEL,20.69,https://anre.md/oil-get-table?firstDate=2025-07-01&secondDate=2025-07-31&fuelId=3
2025-07-22,A95,23.30,https://anre.md/oil-get-table?firstDate=2025-07-01&secondDate=2025-07-31&fuelId=2
2025-07-22,DIESEL,20.72,https://anre.md/oil-get-table?firstDate=2025-07-01&secondDate=2025-07-31&fuelId=3
2025-07-23,A95,23.24,https://anre.md/oil-get-table?firstDate=2025-07-01&secondDate=2025-07-31&fuelId=2
2025-07-23,DIESEL,20.69,https://anre.md/oil-get-table?firstDate=2025-07-01&secondDate=2025-07-31&fuelId=3
2025-07-24,A95,23.18,https://anre.md/oil-get-table?firstDate=2025-07-01&secondDate=2025-07-31&fuelId=2
2025-07-24,DIESEL,20.65,https://anre.md/oil-get-table?firstDate=2025-07-01&secondDate=2025-07-31&fuelId=3
2025-07-25,A95,23.15,https://anre.md/oil-get-table?firstDate=2025-07-01&secondDate=2025-07-31&fuelId=2
2025-07-25,DIESEL,20.59,https://anre.md/oil-get-table?firstDate=2025-07-01&secondDate=2025-07-31&fuelId=3
2025-07-28,A95,23.09,https://anre.md/oil-get-table?firstDate=2025-07-01&secondDate=2025-07-31&fuelId=2
2025-07-28,DIESEL,20.51,https://anre.md/oil-get-table?firstDate=2025-07-01&secondDate=2025-07-31&fuelId=3
2025-07-29,A95,23.07,https://anre.md/oil-get-table?firstDate=2025-07-01&secondDate=2025-07-31&fuelId=2
2025-07-29,DIESEL,20.45,https://anre.md/oil-get-table?firstDate=2025-07-01&secondDate=2025-07-31&fuelId=3
2025-07-30,A95,23.06,https://anre.md/oil-get-table?firstDate=2025-07-01&secondDate=2025-07-31&fuelId=2
2025-07-30,DIESEL,20.40,https://anre.md/oil-get-table?firstDate=2025-07-01&secondDate=2025-07-31&fuelId=3
2025-07-31,A95,23.10,https://anre.md/oil-get-table?firstDate=2025-07-01&secondDate=2025-07-31&fuelId=2
2025-07-31,DIESEL,20.39,https://anre.md/oil-get-table?firstDate=2025-07-01&secondDate=2025-07-31&fuelId=3
2025-08-01,A95,23.10,https://anre.md/oil-get-table?firstDate=2025-08-01&secondDate=2025-08-31&fuelId=2
2025-08-01,DIESEL,20.33,https://anre.md/oil-get-table?firstDate=2025-08-01&secondDate=2025-08-31&fuelId=3
2025-08-04,A95,23.11,https://anre.md/oil-get-table?firstDate=2025-08-01&secondDate=2025-08-31&fuelId=2
2025-08-04,DIESEL,20.22,https://anre.md/oil-get-table?firstDate=2025-08-01&secondDate=2025-08-31&fuelId=3
2025-08-05,A95,23.12,https://anre.md/oil-get-table?firstDate=2025-08-01&secondDate=2025-08-31&fuelId=2
2025-08-05,DIESEL,20.14,https://anre.md/oil-get-table?firstDate=2025-08-01&secondDate=2025-08-31&fuelId=3
2025-08-06,A95,23.14,https://anre.md/oil-get-table?firstDate=2025-08-01&secondDate=2025-08-31&fuelId=2
2025-08-06,DIESEL,20.05,https://anre.md/oil-get-table?firstDate=2025-08-01&secondDate=2025-08-31&fuelId=3
2025-08-07,A95,23.16,https://anre.md/oil-get-table?firstDate=2025-08-01&secondDate=2025-08-31&fuelId=2
2025-08-07,DIESEL,19.99,https://anre.md/oil-get-table?firstDate=2025-08-01&secondDate=2025-08-31&fuelId=3
2025-08-08,A95,23.17,https://anre.md/oil-get-table?firstDate=2025-08-01&secondDate=2025-08-31&fuelId=2
2025-08-08,DIESEL,19.92,https://anre.md/oil-get-table?firstDate=2025-08-01&secondDate=2025-08-31&fuelId=3
2025-08-11,A95,23.17,https://anre.md/oil-get-table?firstDate=2025-08-01&secondDate=2025-08-31&fuelId=2
2025-08-11,DIESEL,19.85,https://anre.md/oil-get-table?firstDate=2025-08-01&secondDate=2025-08-31&fuelId=3
2025-08-12,A95,23.17,https://anre.md/oil-get-table?firstDate=2025-08-01&secondDate=2025-08-31&fuelId=2
2025-08-12,DIESEL,19.79,https://anre.md/oil-get-table?firstDate=2025-08-01&secondDate=2025-08-31&fuelId=3
2025-08-13,A95,23.14,https://anre.md/oil-get-table?firstDate=2025-08-01&secondDate=2025-08-31&fuelId=2
2025-08-13,DIESEL,19.72,https://anre.md/oil-get-table?firstDate=2025-08-01&secondDate=2025-08-31&fuelId=3
2025-08-14,A95,23.07,https://anre.md/oil-get-table?firstDate=2025-08-01&secondDate=2025-08-31&fuelId=2
2025-08-14,DIESEL,19.63,https://anre.md/oil-get-table?firstDate=2025-08-01&secondDate=2025-08-31&fuelId=3
2025-08-15,A95,23.03,https://anre.md/oil-get-table?firstDate=2025-08-01&secondDate=2025-08-31&fuelId=2
2025-08-15,DIESEL,19.54,https://anre.md/oil-get-table?firstDate=2025-08-01&secondDate=2025-08-31&fuelId=3
2025-08-18,A95,22.96,https://anre.md/oil-get-table?firstDate=2025-08-01&secondDate=2025-08-31&fuelId=2
2025-08-18,DIESEL,19.42,https://anre.md/oil-get-table?firstDate=2025-08-01&secondDate=2025-08-31&fuelId=3
2025-08-19,A95,22.92,https://anre.md/oil-get-table?firstDate=2025-08-01&secondDate=2025-08-31&fuelId=2
2025-08-19,DIESEL,19.34,https://anre.md/oil-get-table?firstDate=2025-08-01&secondDate=2025-08-31&fuelId=3
2025-08-20,A95,22.91,https://anre.md/oil-get-table?firstDate=2025-08-01&secondDate=2025-08-31&fuelId=2
2025-08-20,DIESEL,19.32,https://anre.md/oil-get-table?firstDate=2025-08-01&secondDate=2025-08-31&fuelId=3
2025-08-21,A95,22.90,https://anre.md/oil-get-table?firstDate=2025-08-01&secondDate=2025-08-31&fuelId=2
2025-08-21,DIESEL,19.30,https://anre.md/oil-get-table?firstDate=2025-08-01&secondDate=2025-08-31&fuelId=3
2025-08-22,A95,22.93,https://anre.md/oil-get-table?firstDate=2025-08-01&secondDate=2025-08-31&fuelId=2
2025-08-22,DIESEL,19.32,https://anre.md/oil-get-table?firstDate=2025-08-01&secondDate=2025-08-31&fuelId=3
2025-08-25,A95,22.97,https://anre.md/oil-get-table?firstDate=2025-08-01&secondDate=2025-08-31&fuelId=2
2025-08-25,DIESEL,19.34,https://anre.md/oil-get-table?firstDate=2025-08-01&secondDate=2025-08-31&fuelId=3
2025-08-26,A95,22.98,https://anre.md/oil-get-table?firstDate=2025-08-01&secondDate=2025-08-31&fuelId=2
2025-08-26,DIESEL,19.34,https://anre.md/oil-get-table?firstDate=2025-08-01&secondDate=2025-08-31&fuelId=3
2025-08-28,A95,23.04,https://anre.md/oil-get-table?firstDate=2025-08-01&secondDate=2025-08-31&fuelId=2
2025-08-28,DIESEL,19.40,https://anre.md/oil-get-table?firstDate=2025-08-01&secondDate=2025-08-31&fuelId=3
2025-08-29,A95,23.06,https://anre.md/oil-get-table?firstDate=2025-08-01&secondDate=2025-08-31&fuelId=2
2025-08-29,DIESEL,19.45,https://anre.md/oil-get-table?firstDate=2025-08-01&secondDate=2025-08-31&fuelId=3
2025-09-01,A95,23.07,https://anre.md/oil-get-table?firstDate=2025-09-01&secondDate=2025-09-30&fuelId=2
2025-09-01,DIESEL,19.49,https://anre.md/oil-get-table?firstDate=2025-09-01&secondDate=2025-09-30&fuelId=3
2025-09-02,A95,23.12,https://anre.md/oil-get-table?firstDate=2025-09-01&secondDate=2025-09-30&fuelId=2
2025-09-02,DIESEL,19.58,https://anre.md/oil-get-table?firstDate=2025-09-01&secondDate=2025-09-30&fuelId=3
2025-09-03,A95,23.19,https://anre.md/oil-get-table?firstDate=2025-09-01&secondDate=2025-09-30&fuelId=2
2025-09-03,DIESEL,19.65,https://anre.md/oil-get-table?firstDate=2025-09-01&secondDate=2025-09-30&fuelId=3
2025-09-04,A95,23.23,https://anre.md/oil-get-table?firstDate=2025-09-01&secondDate=2025-09-30&fuelId=2
2025-09-04,DIESEL,19.72,https://anre.md/oil-get-table?firstDate=2025-09-01&secondDate=2025-09-30&fuelId=3
2025-09-05,A95,23.27,https://anre.md/oil-get-table?firstDate=2025-09-01&secondDate=2025-09-30&fuelId=2
2025-09-05,DIESEL,19.74,https://anre.md/oil-get-table?firstDate=2025-09-01&secondDate=2025-09-30&fuelId=3
2025-09-08,A95,23.25,https://anre.md/oil-get-table?firstDate=2025-09-01&secondDate=2025-09-30&fuelId=2
2025-09-08,DIESEL,19.72,https://anre.md/oil-get-table?firstDate=2025-09-01&secondDate=2025-09-30&fuelId=3
2025-09-09,A95,23.25,https://anre.md/oil-get-table?firstDate=2025-09-01&secondDate=2025-09-30&fuelId=2
2025-09-09,DIESEL,19.72,https://anre.md/oil-get-table?firstDate=2025-09-01&secondDate=2025-09-30&fuelId=3
2025-09-10,A95,23.29,https://anre.md/oil-get-table?firstDate=2025-09-01&secondDate=2025-09-30&fuelId=2
2025-09-10,DIESEL,19.76,https://anre.md/oil-get-table?firstDate=2025-09-01&secondDate=2025-09-30&fuelId=3
2025-09-11,A95,23.33,https://anre.md/oil-get-table?firstDate=2025-09-01&secondDate=2025-09-30&fuelId=2
2025-09-11,DIESEL,19.79,https://anre.md/oil-get-table?firstDate=2025-09-01&secondDate=2025-09-30&fuelId=3
2025-09-12,A95,23.36,https://anre.md/oil-get-table?firstDate=2025-09-01&secondDate=2025-09-30&fuelId=2
2025-09-12,DIESEL,19.80,https://anre.md/oil-get-table?firstDate=2025-09-01&secondDate=2025-09-30&fuelId=3
2025-09-15,A95,23.40,https://anre.md/oil-get-table?firstDate=2025-09-01&secondDate=2025-09-30&fuelId=2
2025-09-15,DIESEL,19.83,https://anre.md/oil-get-table?firstDate=2025-09-01&secondDate=2025-09-30&fuelId=3
2025-09-16,A95,23.41,https://anre.md/oil-get-table?firstDate=2025-09-01&secondDate=2025-09-30&fuelId=2
2025-09-16,DIESEL,19.86,https://anre.md/oil-get-table?firstDate=2025-09-01&secondDate=2025-09-30&fuelId=3
2025-09-17,A95,23.41,https://anre.md/oil-get-table?firstDate=2025-09-01&secondDate=2025-09-30&fuelId=2
2025-09-17,DIESEL,19.89,https://anre.md/oil-get-table?firstDate=2025-09-01&secondDate=2025-09-30&fuelId=3
2025-09-18,A95,23.40,https://anre.md/oil-get-table?firstDate=2025-09-01&secondDate=2025-09-30&fuelId=2
2025-09-18,DIESEL,19.89,https://anre.md/oil-get-table?firstDate=2025-09-01&secondDate=2025-09-30&fuelId=3
2025-09-19,A95,23.36,https://anre.md/oil-get-table?firstDate=2025-09-01&secondDate=2025-09-30&fuelId=2
2025-09-19,DIESEL,19.89,https://anre.md/oil-get-table?firstDate=2025-09-01&secondDate=2025-09-30&fuelId=3
2025-09-22,A95,23.31,https://anre.md/oil-get-table?firstDate=2025-09-01&secondDate=2025-09-30&fuelId=2
2025-09-22,DIESEL,19.88,https://anre.md/oil-get-table?firstDate=2025-09-01&secondDate=2025-09-30&fuelId=3
2025-09-23,A95,23.29,https://anre.md/oil-get-table?firstDate=2025-09-01&secondDate=2025-09-30&fuelId=2
2025-09-23,DIESEL,19.87,https://anre.md/oil-get-table?firstDate=2025-09-01&secondDate=2025-09-30&fuelId=3
2025-09-24,A95,23.27,https://anre.md/oil-get-table?firstDate=2025-09-01&secondDate=2025-09-30&fuelId=2
2025-09-24,DIESEL,19.87,https://anre.md/oil-get-table?firstDate=2025-09-01&secondDate=2025-09-30&fuelId=3
2025-09-25,A95,23.25,https://anre.md/oil-get-table?firstDate=2025-09-01&secondDate=2025-09-30&fuelId=2
2025-09-25,DIESEL,19.88,https://anre.md/oil-get-table?firstDate=2025-09-01&secondDate=2025-09-30&fuelId=3
2025-09-26,A95,23.24,https://anre.md/oil-get-table?firstDate=2025-09-01&secondDate=2025-09-30&fuelId=2
2025-09-26,DIESEL,19.94,https://anre.md/oil-get-table?firstDate=2025-09-01&secondDate=2025-09-30&fuelId=3
2025-09-29,A95,23.26,https://anre.md/oil-get-table?firstDate=2025-09-01&secondDate=2025-09-30&fuelId=2
2025-09-29,DIESEL,20.00,https://anre.md/oil-get-table?firstDate=2025-09-01&secondDate=2025-09-30&fuelId=3
2025-09-30,A95,23.24,https://anre.md/oil-get-table?firstDate=2025-09-01&secondDate=2025-09-30&fuelId=2
2025-09-30,DIESEL,19.99,https://anre.md/oil-get-table?firstDate=2025-09-01&secondDate=2025-09-30&fuelId=3
2025-10-01,A95,23.19,https://anre.md/oil-get-table?firstDate=2025-10-01&secondDate=2025-10-31&fuelId=2
2025-10-01,DIESEL,19.94,https://anre.md/oil-get-table?firstDate=2025-10-01&secondDate=2025-10-31&fuelId=3
2025-10-02,A95,23.13,https://anre.md/oil-get-table?firstDate=2025-10-01&secondDate=2025-10-31&fuelId=2
2025-10-02,DIESEL,19.92,https://anre.md/oil-get-table?firstDate=2025-10-01&secondDate=2025-10-31&fuelId=3
2025-10-03,A95,23.07,https://anre.md/oil-get-table?firstDate=2025-10-01&secondDate=2025-10-31&fuelId=2
2025-10-03,DIESEL,19.87,https://anre.md/oil-get-table?firstDate=2025-10-01&secondDate=2025-10-31&fuelId=3
2025-10-06,A95,23.04,https://anre.md/oil-get-table?firstDate=2025-10-01&secondDate=2025-10-31&fuelId=2
2025-10-06,DIESEL,19.85,https://anre.md/oil-get-table?firstDate=2025-10-01&secondDate=2025-10-31&fuelId=3
2025-10-07,A95,22.99,https://anre.md/oil-get-table?firstDate=2025-10-01&secondDate=2025-10-31&fuelId=2
2025-10-07,DIESEL,19.82,https://anre.md/oil-get-table?firstDate=2025-10-01&secondDate=2025-10-31&fuelId=3
2025-10-08,A95,22.93,https://anre.md/oil-get-table?firstDate=2025-10-01&secondDate=2025-10-31&fuelId=2
2025-10-08,DIESEL,19.77,https://anre.md/oil-get-table?firstDate=2025-10-01&secondDate=2025-10-31&fuelId=3
2025-10-09,A95,22.86,https://anre.md/oil-get-table?firstDate=2025-10-01&secondDate=2025-10-31&fuelId=2
2025-10-09,DIESEL,19.72,https://anre.md/oil-get-table?firstDate=2025-10-01&secondDate=2025-10-31&fuelId=3
2025-10-10,A95,22.79,https://anre.md/oil-get-table?firstDate=2025-10-01&secondDate=2025-10-31&fuelId=2
2025-10-10,DIESEL,19.65,https://anre.md/oil-get-table?firstDate=2025-10-01&secondDate=2025-10-31&fuelId=3
2025-10-13,A95,22.68,https://anre.md/oil-get-table?firstDate=2025-10-01&secondDate=2025-10-31&fuelId=2
2025-10-13,DIESEL,19.56,https://anre.md/oil-get-table?firstDate=2025-10-01&secondDate=2025-10-31&fuelId=3
2025-10-15,A95,22.54,https://anre.md/oil-get-table?firstDate=2025-10-01&secondDate=2025-10-31&fuelId=2
2025-10-15,DIESEL,19.44,https://anre.md/oil-get-table?firstDate=2025-10-01&secondDate=2025-10-31&fuelId=3
2025-10-16,A95,22.51,https://anre.md/oil-get-table?firstDate=2025-10-01&secondDate=2025-10-31&fuelId=2
2025-10-16,DIESEL,19.37,https://anre.md/oil-get-table?firstDate=2025-10-01&secondDate=2025-10-31&fuelId=3
2025-10-17,A95,22.50,https://anre.md/oil-get-table?firstDate=2025-10-01&secondDate=2025-10-31&fuelId=2
2025-10-17,DIESEL,19.33,https://anre.md/oil-get-table?firstDate=2025-10-01&secondDate=2025-10-31&fuelId=3
2025-10-20,A95,22.51,https://anre.md/oil-get-table?firstDate=2025-10-01&secondDate=2025-10-31&fuelId=2
2025-10-20,DIESEL,19.30,https://anre.md/oil-get-table?firstDate=2025-10-01&secondDate=2025-10-31&fuelId=3
2025-10-21,A95,22.48,https://anre.md/oil-get-table?firstDate=2025-10-01&secondDate=2025-10-31&fuelId=2
2025-10-21,DIESEL,19.26,https://anre.md/oil-get-table?firstDate=2025-10-01&secondDate=2025-10-31&fuelId=3
2025-10-22,A95,22.45,https://anre.md/oil-get-table?firstDate=2025-10-01&secondDate=2025-10-31&fuelId=2
2025-10-22,DIESEL,19.22,https://anre.md/oil-get-table?firstDate=2025-10-01&secondDate=2025-10-31&fuelId=3
2025-10-23,A95,22.44,https://anre.md/oil-get-table?firstDate=2025-10-01&secondDate=2025-10-31&fuelId=2
2025-10-23,DIESEL,19.20,https://anre.md/oil-get-table?firstDate=2025-10-01&secondDate=2025-10-31&fuelId=3
2025-10-24,A95,22.48,https://anre.md/oil-get-table?firstDate=2025-10-01&secondDate=2025-10-31&fuelId=2
2025-10-24,DIESEL,19.26,https://anre.md/oil-get-table?firstDate=2025-10-01&secondDate=2025-10-31&fuelId=3
2025-10-27,A95,22.58,https://anre.md/oil-get-table?firstDate=2025-10-01&secondDate=2025-10-31&fuelId=2
2025-10-27,DIESEL,19.40,https://anre.md/oil-get-table?firstDate=2025-10-01&secondDate=2025-10-31&fuelId=3
2025-10-28,A95,22.64,https://anre.md/oil-get-table?firstDate=2025-10-01&secondDate=2025-10-31&fuelId=2
2025-10-28,DIESEL,19.53,https://anre.md/oil-get-table?firstDate=2025-10-01&secondDate=2025-10-31&fuelId=3
2025-10-29,A95,22.71,https://anre.md/oil-get-table?firstDate=2025-10-01&secondDate=2025-10-31&fuelId=2
2025-10-29,DIESEL,19.64,https://anre.md/oil-get-table?firstDate=2025-10-01&secondDate=2025-10-31&fuelId=3
2025-10-30,A95,22.77,https://anre.md/oil-get-table?firstDate=2025-10-01&secondDate=2025-10-31&fuelId=2
2025-10-30,DIESEL,19.78,https://anre.md/oil-get-table?firstDate=2025-10-01&secondDate=2025-10-31&fuelId=3
2025-10-31,A95,22.81,https://anre.md/oil-get-table?firstDate=2025-10-01&secondDate=2025-10-31&fuelId=2
2025-10-31,DIESEL,19.92,https://anre.md/oil-get-table?firstDate=2025-10-01&secondDate=2025-10-31&fuelId=3
2025-11-03,A95,22.86,https://anre.md/oil-get-table?firstDate=2025-11-01&secondDate=2025-11-30&fuelId=2
2025-11-03,DIESEL,20.09,https://anre.md/oil-get-table?firstDate=2025-11-01&secondDate=2025-11-30&fuelId=3
2025-11-04,A95,22.93,https://anre.md/oil-get-table?firstDate=2025-11-01&secondDate=2025-11-30&fuelId=2
2025-11-04,DIESEL,20.25,https://anre.md/oil-get-table?firstDate=2025-11-01&secondDate=2025-11-30&fuelId=3
2025-11-05,A95,23.00,https://anre.md/oil-get-table?firstDate=2025-11-01&secondDate=2025-11-30&fuelId=2
2025-11-05,DIESEL,20.40,https://anre.md/oil-get-table?firstDate=2025-11-01&secondDate=2025-11-30&fuelId=3
2025-11-06,A95,23.05,https://anre.md/oil-get-table?firstDate=2025-11-01&secondDate=2025-11-30&fuelId=2
2025-11-06,DIESEL,20.57,https://anre.md/oil-get-table?firstDate=2025-11-01&secondDate=2025-11-30&fuelId=3
2025-11-07,A95,23.06,https://anre.md/oil-get-table?firstDate=2025-11-01&secondDate=2025-11-30&fuelId=2
2025-11-07,DIESEL,20.66,https://anre.md/oil-get-table?firstDate=2025-11-01&secondDate=2025-11-30&fuelId=3
2025-11-10,A95,23.07,https://anre.md/oil-get-table?firstDate=2025-11-01&secondDate=2025-11-30&fuelId=2
2025-11-10,DIESEL,20.72,https://anre.md/oil-get-table?firstDate=2025-11-01&secondDate=2025-11-30&fuelId=3
2025-11-11,A95,23.08,https://anre.md/oil-get-table?firstDate=2025-11-01&secondDate=2025-11-30&fuelId=2
2025-11-11,DIESEL,20.73,https://anre.md/oil-get-table?firstDate=2025-11-01&secondDate=2025-11-30&fuelId=3
2025-11-12,A95,23.13,https://anre.md/oil-get-table?firstDate=2025-11-01&secondDate=2025-11-30&fuelId=2
2025-11-12,DIESEL,20.85,https://anre.md/oil-get-table?firstDate=2025-11-01&secondDate=2025-11-30&fuelId=3
2025-11-13,A95,23.17,https://anre.md/oil-get-table?firstDate=2025-11-01&secondDate=2025-11-30&fuelId=2
2025-11-13,DIESEL,20.89,https://anre.md/oil-get-table?firstDate=2025-11-01&secondDate=2025-11-30&fuelId=3
2025-11-14,A95,23.22,https://anre.md/oil-get-table?firstDate=2025-11-01&secondDate=2025-11-30&fuelId=2
2025-11-14,DIESEL,20.92,https://anre.md/oil-get-table?firstDate=2025-11-01&secondDate=2025-11-30&fuelId=3
2025-11-17,A95,23.27,https://anre.md/oil-get-table?firstDate=2025-11-01&secondDate=2025-11-30&fuelId=2
2025-11-17,DIESEL,20.99,https://anre.md/oil-get-table?firstDate=2025-11-01&secondDate=2025-11-30&fuelId=3
2025-11-18,A95,23.32,https://anre.md/oil-get-table?firstDate=2025-11-01&secondDate=2025-11-30&fuelId=2
2025-11-18,DIESEL,21.05,https://anre.md/oil-get-table?firstDate=2025-11-01&secondDate=2025-11-30&fuelId=3
2025-11-19,A95,23.37,https://anre.md/oil-get-table?firstDate=2025-11-01&secondDate=2025-11-30&fuelId=2
2025-11-19,DIESEL,21.16,https://anre.md/oil-get-table?firstDate=2025-11-01&secondDate=2025-11-30&fuelId=3
2025-11-20,A95,23.38,https://anre.md/oil-get-table?firstDate=2025-11-01&secondDate=2025-11-30&fuelId=2
2025-11-20,DIESEL,21.20,https://anre.md/oil-get-table?firstDate=2025-11-01&secondDate=2025-11-30&fuelId=3
2025-11-21,A95,23.39,https://anre.md/oil-get-table?firstDate=2025-11-01&secondDate=2025-11-30&fuelId=2
2025-11-21,DIESEL,21.21,https://anre.md/oil-get-table?firstDate=2025-11-01&secondDate=2025-11-30&fuelId=3
2025-11-24,A95,23.37,https://anre.md/oil-get-table?firstDate=2025-11-01&secondDate=2025-11-30&fuelId=2
2025-11-24,DIESEL,21.17,https://anre.md/oil-get-table?firstDate=2025-11-01&secondDate=2025-11-30&fuelId=3
2025-11-25,A95,23.36,https://anre.md/oil-get-table?firstDate=2025-11-01&secondDate=2025-11-30&fuelId=2
2025-11-25,DIESEL,21.12,https://anre.md/oil-get-table?firstDate=2025-11-01&secondDate=2025-11-30&fuelId=3
2025-11-26,A95,23.31,https://anre.md/oil-get-table?firstDate=2025-11-01&secondDate=2025-11-30&fuelId=2
2025-11-26,DIESEL,20.99,https://anre.md/oil-get-table?firstDate=2025-11-01&secondDate=2025-11-30&fuelId=3
2025-11-27,A95,23.28,https://anre.md/oil-get-table?firstDate=2025-11-01&secondDate=2025-11-30&fuelId=2
2025-11-27,DIESEL,20.88,https://anre.md/oil-get-table?firstDate=2025-11-01&secondDate=2025-11-30&fuelId=3
2025-11-28,A95,23.27,https://anre.md/oil-get-table?firstDate=2025-11-01&secondDate=2025-11-30&fuelId=2
2025-11-28,DIESEL,20.78,https://anre.md/oil-get-table?firstDate=2025-11-01&secondDate=2025-11-30&fuelId=3
2025-12-01,A95,23.27,https://anre.md/oil-get-table?firstDate=2025-12-01&secondDate=2025-12-31&fuelId=2
2025-12-01,DIESEL,20.66,https://anre.md/oil-get-table?firstDate=2025-12-01&secondDate=2025-12-31&fuelId=3
2025-12-02,A95,23.26,https://anre.md/oil-get-table?firstDate=2025-12-01&secondDate=2025-12-31&fuelId=2
2025-12-02,DIESEL,20.53,https://anre.md/oil-get-table?firstDate=2025-12-01&secondDate=2025-12-31&fuelId=3
2025-12-03,A95,23.25,https://anre.md/oil-get-table?firstDate=2025-12-01&secondDate=2025-12-31&fuelId=2
2025-12-03,DIESEL,20.33,https://anre.md/oil-get-table?firstDate=2025-12-01&secondDate=2025-12-31&fuelId=3
2025-12-04,A95,23.23,https://anre.md/oil-get-table?firstDate=2025-12-01&secondDate=2025-12-31&fuelId=2
2025-12-04,DIESEL,20.12,https://anre.md/oil-get-table?firstDate=2025-12-01&secondDate=2025-12-31&fuelId=3
2025-12-05,A95,23.22,https://anre.md/oil-get-table?firstDate=2025-12-01&secondDate=2025-12-31&fuelId=2
2025-12-05,DIESEL,19.94,https://anre.md/oil-get-table?firstDate=2025-12-01&secondDate=2025-12-31&fuelId=3
2025-12-08,A95,23.20,https://anre.md/oil-get-table?firstDate=2025-12-01&secondDate=2025-12-31&fuelId=2
2025-12-08,DIESEL,19.83,https://anre.md/oil-get-table?firstDate=2025-12-01&secondDate=2025-12-31&fuelId=3
2025-12-09,A95,23.17,https://anre.md/oil-get-table?firstDate=2025-12-01&secondDate=2025-12-31&fuelId=2
2025-12-09,DIESEL,19.74,https://anre.md/oil-get-table?firstDate=2025-12-01&secondDate=2025-12-31&fuelId=3
2025-12-10,A95,23.16,https://anre.md/oil-get-table?firstDate=2025-12-01&secondDate=2025-12-31&fuelId=2
2025-12-10,DIESEL,19.66,https://anre.md/oil-get-table?firstDate=2025-12-01&secondDate=2025-12-31&fuelId=3
2025-12-11,A95,23.12,https://anre.md/oil-get-table?firstDate=2025-12-01&secondDate=2025-12-31&fuelId=2
2025-12-11,DIESEL,19.60,https://anre.md/oil-get-table?firstDate=2025-12-01&secondDate=2025-12-31&fuelId=3
2025-12-12,A95,23.03,https://anre.md/oil-get-table?firstDate=2025-12-01&secondDate=2025-12-31&fuelId=2
2025-12-12,DIESEL,19.51,https://anre.md/oil-get-table?firstDate=2025-12-01&secondDate=2025-12-31&fuelId=3
2025-12-15,A95,22.91,https://anre.md/oil-get-table?firstDate=2025-12-01&secondDate=2025-12-31&fuelId=2
2025-12-15,DIESEL,19.40,https://anre.md/oil-get-table?firstDate=2025-12-01&secondDate=2025-12-31&fuelId=3
2025-12-16,A95,22.77,https://anre.md/oil-get-table?firstDate=2025-12-01&secondDate=2025-12-31&fuelId=2
2025-12-16,DIESEL,19.27,https://anre.md/oil-get-table?firstDate=2025-12-01&secondDate=2025-12-31&fuelId=3
2025-12-17,A95,22.60,https://anre.md/oil-get-table?firstDate=2025-12-01&secondDate=2025-12-31&fuelId=2
2025-12-17,DIESEL,19.15,https://anre.md/oil-get-table?firstDate=2025-12-01&secondDate=2025-12-31&fuelId=3
2025-12-18,A95,22.46,https://anre.md/oil-get-table?firstDate=2025-12-01&secondDate=2025-12-31&fuelId=2
2025-12-18,DIESEL,19.06,https://anre.md/oil-get-table?firstDate=2025-12-01&secondDate=2025-12-31&fuelId=3
2025-12-19,A95,22.32,https://anre.md/oil-get-table?firstDate=2025-12-01&secondDate=2025-12-31&fuelId=2
2025-12-19,DIESEL,18.97,https://anre.md/oil-get-table?firstDate=2025-12-01&secondDate=2025-12-31&fuelId=3
2025-12-22,A95,22.17,https://anre.md/oil-get-table?firstDate=2025-12-01&secondDate=2025-12-31&fuelId=2
2025-12-22,DIESEL,18.82,https://anre.md/oil-get-table?firstDate=2025-12-01&secondDate=2025-12-31&fuelId=3
2025-12-23,A95,22.07,https://anre.md/oil-get-table?firstDate=2025-12-01&secondDate=2025-12-31&fuelId=2
2025-12-23,DIESEL,18.73,https://anre.md/oil-get-table?firstDate=2025-12-01&secondDate=2025-12-31&fuelId=3
2025-12-24,A95,21.97,https://anre.md/oil-get-table?firstDate=2025-12-01&secondDate=2025-12-31&fuelId=2
2025-12-24,DIESEL,18.67,https://anre.md/oil-get-table?firstDate=2025-12-01&secondDate=2025-12-31&fuelId=3
2025-12-25,A95,21.81,https://anre.md/oil-get-table?firstDate=2025-12-01&secondDate=2025-12-31&fuelId=2
2025-12-25,DIESEL,18.58,https://anre.md/oil-get-table?firstDate=2025-12-01&secondDate=2025-12-31&fuelId=3
2025-12-26,A95,21.81,https://anre.md/oil-get-table?firstDate=2025-12-01&secondDate=2025-12-31&fuelId=2
2025-12-26,DIESEL,18.58,https://anre.md/oil-get-table?firstDate=2025-12-01&secondDate=2025-12-31&fuelId=3
2025-12-29,A95,21.74,https://anre.md/oil-get-table?firstDate=2025-12-01&secondDate=2025-12-31&fuelId=2
2025-12-29,DIESEL,18.54,https://anre.md/oil-get-table?firstDate=2025-12-01&secondDate=2025-12-31&fuelId=3
2025-12-30,A95,21.72,https://anre.md/oil-get-table?firstDate=2025-12-01&secondDate=2025-12-31&fuelId=2
2025-12-30,DIESEL,18.53,https://anre.md/oil-get-table?firstDate=2025-12-01&secondDate=2025-12-31&fuelId=3
2025-12-31,A95,21.74,https://anre.md/oil-get-table?firstDate=2025-12-01&secondDate=2025-12-31&fuelId=2
2025-12-31,DIESEL,18.56,https://anre.md/oil-get-table?firstDate=2025-12-01&secondDate=2025-12-31&fuelId=3
2026-01-02,A95,21.92,https://anre.md/oil-get-table?firstDate=2026-01-01&secondDate=2026-01-31&fuelId=2
2026-01-02,DIESEL,18.70,https://anre.md/oil-get-table?firstDate=2026-01-01&secondDate=2026-01-31&fuelId=3
2026-01-05,A95,22.02,https://anre.md/oil-get-table?firstDate=2026-01-01&secondDate=2026-01-31&fuelId=2
2026-01-05,DIESEL,18.75,https://anre.md/oil-get-table?firstDate=2026-01-01&secondDate=2026-01-31&fuelId=3
2026-01-06,A95,22.04,https://anre.md/oil-get-table?firstDate=2026-01-01&secondDate=2026-01-31&fuelId=2
2026-01-06,DIESEL,18.77,https://anre.md/oil-get-table?firstDate=2026-01-01&secondDate=2026-01-31&fuelId=3
2026-01-09,A95,22.12,https://anre.md/oil-get-table?firstDate=2026-01-01&secondDate=2026-01-31&fuelId=2
2026-01-09,DIESEL,18.72,https://anre.md/oil-get-table?firstDate=2026-01-01&secondDate=2026-01-31&fuelId=3
2026-01-12,A95,22.29,https://anre.md/oil-get-table?firstDate=2026-01-01&secondDate=2026-01-31&fuelId=2
2026-01-12,DIESEL,18.83,https://anre.md/oil-get-table?firstDate=2026-01-01&secondDate=2026-01-31&fuelId=3
2026-01-13,A95,22.38,https://anre.md/oil-get-table?firstDate=2026-01-01&secondDate=2026-01-31&fuelId=2
2026-01-13,DIESEL,18.87,https://anre.md/oil-get-table?firstDate=2026-01-01&secondDate=2026-01-31&fuelId=3
2026-01-14,A95,22.48,https://anre.md/oil-get-table?firstDate=2026-01-01&secondDate=2026-01-31&fuelId=2
2026-01-14,DIESEL,18.96,https://anre.md/oil-get-table?firstDate=2026-01-01&secondDate=2026-01-31&fuelId=3
2026-01-15,A95,22.59,https://anre.md/oil-get-table?firstDate=2026-01-01&secondDate=2026-01-31&fuelId=2
2026-01-15,DIESEL,19.06,https://anre.md/oil-get-table?firstDate=2026-01-01&secondDate=2026-01-31&fuelId=3
2026-01-16,A95,22.61,https://anre.md/oil-get-table?firstDate=2026-01-01&secondDate=2026-01-31&fuelId=2
2026-01-16,DIESEL,19.10,https://anre.md/oil-get-table?firstDate=2026-01-01&secondDate=2026-01-31&fuelId=3
2026-01-19,A95,22.70,https://anre.md/oil-get-table?firstDate=2026-01-01&secondDate=2026-01-31&fuelId=2
2026-01-19,DIESEL,19.23,https://anre.md/oil-get-table?firstDate=2026-01-01&secondDate=2026-01-31&fuelId=3
2026-01-20,A95,22.76,https://anre.md/oil-get-table?firstDate=2026-01-01&secondDate=2026-01-31&fuelId=2
2026-01-20,DIESEL,19.30,https://anre.md/oil-get-table?firstDate=2026-01-01&secondDate=2026-01-31&fuelId=3
2026-01-21,A95,22.82,https://anre.md/oil-get-table?firstDate=2026-01-01&secondDate=2026-01-31&fuelId=2
2026-01-21,DIESEL,19.40,https://anre.md/oil-get-table?firstDate=2026-01-01&secondDate=2026-01-31&fuelId=3
2026-01-22,A95,22.90,https://anre.md/oil-get-table?firstDate=2026-01-01&secondDate=2026-01-31&fuelId=2
2026-01-22,DIESEL,19.53,https://anre.md/oil-get-table?firstDate=2026-01-01&secondDate=2026-01-31&fuelId=3
2026-01-23,A95,22.94,https://anre.md/oil-get-table?firstDate=2026-01-01&secondDate=2026-01-31&fuelId=2
2026-01-23,DIESEL,19.62,https://anre.md/oil-get-table?firstDate=2026-01-01&secondDate=2026-01-31&fuelId=3
2026-01-26,A95,22.99,https://anre.md/oil-get-table?firstDate=2026-01-01&secondDate=2026-01-31&fuelId=2
2026-01-26,DIESEL,19.69,https://anre.md/oil-get-table?firstDate=2026-01-01&secondDate=2026-01-31&fuelId=3
2026-01-27,A95,23.00,https://anre.md/oil-get-table?firstDate=2026-01-01&secondDate=2026-01-31&fuelId=2
2026-01-27,DIESEL,19.76,https://anre.md/oil-get-table?firstDate=2026-01-01&secondDate=2026-01-31&fuelId=3
2026-01-28,A95,22.99,https://anre.md/oil-get-table?firstDate=2026-01-01&secondDate=2026-01-31&fuelId=2
2026-01-28,DIESEL,19.78,https://anre.md/oil-get-table?firstDate=2026-01-01&secondDate=2026-01-31&fuelId=3
2026-01-29,A95,22.99,https://anre.md/oil-get-table?firstDate=2026-01-01&secondDate=2026-01-31&fuelId=2
2026-01-29,DIESEL,19.83,https://anre.md/oil-get-table?firstDate=2026-01-01&secondDate=2026-01-31&fuelId=3
2026-01-30,A95,23.05,https://anre.md/oil-get-table?firstDate=2026-01-01&secondDate=2026-01-31&fuelId=2
2026-01-30,DIESEL,19.92,https://anre.md/oil-get-table?firstDate=2026-01-01&secondDate=2026-01-31&fuelId=3
2026-02-02,A95,23.08,https://anre.md/oil-get-table?firstDate=2026-02-01&secondDate=2026-02-28&fuelId=2
2026-02-02,DIESEL,20.02,https://anre.md/oil-get-table?firstDate=2026-02-01&secondDate=2026-02-28&fuelId=3
2026-02-03,A95,23.09,https://anre.md/oil-get-table?firstDate=2026-02-01&secondDate=2026-02-28&fuelId=2
2026-02-03,DIESEL,20.05,https://anre.md/oil-get-table?firstDate=2026-02-01&secondDate=2026-02-28&fuelId=3
2026-02-04,A95,23.10,https://anre.md/oil-get-table?firstDate=2026-02-01&secondDate=2026-02-28&fuelId=2
2026-02-04,DIESEL,20.08,https://anre.md/oil-get-table?firstDate=2026-02-01&secondDate=2026-02-28&fuelId=3
2026-02-05,A95,23.12,https://anre.md/oil-get-table?firstDate=2026-02-01&secondDate=2026-02-28&fuelId=2
2026-02-05,DIESEL,20.10,https://anre.md/oil-get-table?firstDate=2026-02-01&secondDate=2026-02-28&fuelId=3
2026-02-06,A95,23.14,https://anre.md/oil-get-table?firstDate=2026-02-01&secondDate=2026-02-28&fuelId=2
2026-02-06,DIESEL,20.14,https://anre.md/oil-get-table?firstDate=2026-02-01&secondDate=2026-02-28&fuelId=3
2026-02-09,A95,23.16,https://anre.md/oil-get-table?firstDate=2026-02-01&secondDate=2026-02-28&fuelId=2
2026-02-09,DIESEL,20.18,https://anre.md/oil-get-table?firstDate=2026-02-01&secondDate=2026-02-28&fuelId=3
2026-02-10,A95,23.23,https://anre.md/oil-get-table?firstDate=2026-02-01&secondDate=2026-02-28&fuelId=2
2026-02-10,DIESEL,20.23,https://anre.md/oil-get-table?firstDate=2026-02-01&secondDate=2026-02-28&fuelId=3
2026-02-11,A95,23.28,https://anre.md/oil-get-table?firstDate=2026-02-01&secondDate=2026-02-28&fuelId=2
2026-02-11,DIESEL,20.25,https://anre.md/oil-get-table?firstDate=2026-02-01&secondDate=2026-02-28&fuelId=3
2026-02-12,A95,23.33,https://anre.md/oil-get-table?firstDate=2026-02-01&secondDate=2026-02-28&fuelId=2
2026-02-12,DIESEL,20.27,https://anre.md/oil-get-table?firstDate=2026-02-01&secondDate=2026-02-28&fuelId=3
2026-02-13,A95,23.32,https://anre.md/oil-get-table?firstDate=2026-02-01&secondDate=2026-02-28&fuelId=2
2026-02-13,DIESEL,20.24,https://anre.md/oil-get-table?firstDate=2026-02-01&secondDate=2026-02-28&fuelId=3
2026-02-16,A95,23.31,https://anre.md/oil-get-table?firstDate=2026-02-01&secondDate=2026-02-28&fuelId=2
2026-02-16,DIESEL,20.15,https://anre.md/oil-get-table?firstDate=2026-02-01&secondDate=2026-02-28&fuelId=3
2026-02-17,A95,23.34,https://anre.md/oil-get-table?firstDate=2026-02-01&secondDate=2026-02-28&fuelId=2
2026-02-17,DIESEL,20.16,https://anre.md/oil-get-table?firstDate=2026-02-01&secondDate=2026-02-28&fuelId=3
2026-02-18,A95,23.36,https://anre.md/oil-get-table?firstDate=2026-02-01&secondDate=2026-02-28&fuelId=2
2026-02-18,DIESEL,20.16,https://anre.md/oil-get-table?firstDate=2026-02-01&secondDate=2026-02-28&fuelId=3
2026-02-19,A95,23.40,https://anre.md/oil-get-table?firstDate=2026-02-01&secondDate=2026-02-28&fuelId=2
2026-02-19,DIESEL,20.19,https://anre.md/oil-get-table?firstDate=2026-02-01&secondDate=2026-02-28&fuelId=3
2026-02-20,A95,23.47,https://anre.md/oil-get-table?firstDate=2026-02-01&secondDate=2026-02-28&fuelId=2
2026-02-20,DIESEL,20.27,https://anre.md/oil-get-table?firstDate=2026-02-01&secondDate=2026-02-28&fuelId=3
2026-02-23,A95,23.55,https://anre.md/oil-get-table?firstDate=2026-02-01&secondDate=2026-02-28&fuelId=2
2026-02-23,DIESEL,20.35,https://anre.md/oil-get-table?firstDate=2026-02-01&secondDate=2026-02-28&fuelId=3
2026-02-24,A95,23.59,https://anre.md/oil-get-table?firstDate=2026-02-01&secondDate=2026-02-28&fuelId=2
2026-02-24,DIESEL,20.45,https://anre.md/oil-get-table?firstDate=2026-02-01&secondDate=2026-02-28&fuelId=3
2026-02-25,A95,23.63,https://anre.md/oil-get-table?firstDate=2026-02-01&secondDate=2026-02-28&fuelId=2
2026-02-25,DIESEL,20.54,https://anre.md/oil-get-table?firstDate=2026-02-01&secondDate=2026-02-28&fuelId=3
2026-02-26,A95,23.67,https://anre.md/oil-get-table?firstDate=2026-02-01&secondDate=2026-02-28&fuelId=2
2026-02-26,DIESEL,20.59,https://anre.md/oil-get-table?firstDate=2026-02-01&secondDate=2026-02-28&fuelId=3
2026-02-27,A95,23.75,https://anre.md/oil-get-table?firstDate=2026-02-01&secondDate=2026-02-28&fuelId=2
2026-02-27,DIESEL,20.72,https://anre.md/oil-get-table?firstDate=2026-02-01&secondDate=2026-02-28&fuelId=3
2026-03-02,A95,23.84,https://anre.md/oil-get-table?firstDate=2026-03-01&secondDate=2026-03-31&fuelId=2
2026-03-02,DIESEL,20.87,https://anre.md/oil-get-table?firstDate=2026-03-01&secondDate=2026-03-31&fuelId=3
2026-03-03,A95,23.97,https://anre.md/oil-get-table?firstDate=2026-03-01&secondDate=2026-03-31&fuelId=2
2026-03-03,DIESEL,21.21,https://anre.md/oil-get-table?firstDate=2026-03-01&secondDate=2026-03-31&fuelId=3
2026-03-04,A95,24.17,https://anre.md/oil-get-table?firstDate=2026-03-01&secondDate=2026-03-31&fuelId=2
2026-03-04,DIESEL,21.77,https://anre.md/oil-get-table?firstDate=2026-03-01&secondDate=2026-03-31&fuelId=3
2026-03-05,A95,24.33,https://anre.md/oil-get-table?firstDate=2026-03-01&secondDate=2026-03-31&fuelId=2
2026-03-05,DIESEL,22.24,https://anre.md/oil-get-table?firstDate=2026-03-01&secondDate=2026-03-31&fuelId=3
2026-03-06,A95,24.54,https://anre.md/oil-get-table?firstDate=2026-03-01&secondDate=2026-03-31&fuelId=2
2026-03-06,DIESEL,22.87,https://anre.md/oil-get-table?firstDate=2026-03-01&secondDate=2026-03-31&fuelId=3
2026-03-09,A95,24.82,https://anre.md/oil-get-table?firstDate=2026-03-01&secondDate=2026-03-31&fuelId=2
2026-03-09,DIESEL,23.59,https://anre.md/oil-get-table?firstDate=2026-03-01&secondDate=2026-03-31&fuelId=3
2026-03-10,A95,25.20,https://anre.md/oil-get-table?firstDate=2026-03-01&secondDate=2026-03-31&fuelId=2
2026-03-10,DIESEL,24.30,https://anre.md/oil-get-table?firstDate=2026-03-01&secondDate=2026-03-31&fuelId=3
2026-03-11,A95,25.47,https://anre.md/oil-get-table?firstDate=2026-03-01&secondDate=2026-03-31&fuelId=2
2026-03-11,DIESEL,24.83,https://anre.md/oil-get-table?firstDate=2026-03-01&secondDate=2026-03-31&fuelId=3
2026-03-12,A95,25.80,https://anre.md/oil-get-table?firstDate=2026-03-01&secondDate=2026-03-31&fuelId=2
2026-03-12,DIESEL,25.47,https://anre.md/oil-get-table?firstDate=2026-03-01&secondDate=2026-03-31&fuelId=3
2026-03-13,A95,26.22,https://anre.md/oil-get-table?firstDate=2026-03-01&secondDate=2026-03-31&fuelId=2
2026-03-13,DIESEL,26.24,https://anre.md/oil-get-table?firstDate=2026-03-01&secondDate=2026-03-31&fuelId=3
2026-03-16,A95,26.72,https://anre.md/oil-get-table?firstDate=2026-03-01&secondDate=2026-03-31&fuelId=2
2026-03-16,DIESEL,27.05,https://anre.md/oil-get-table?firstDate=2026-03-01&secondDate=2026-03-31&fuelId=3
2026-03-17,A95,27.18,https://anre.md/oil-get-table?firstDate=2026-03-01&secondDate=2026-03-31&fuelId=2
2026-03-17,DIESEL,27.65,https://anre.md/oil-get-table?firstDate=2026-03-01&secondDate=2026-03-31&fuelId=3
2026-03-18,A95,27.56,https://anre.md/oil-get-table?firstDate=2026-03-01&secondDate=2026-03-31&fuelId=2
2026-03-18,DIESEL,28.02,https://anre.md/oil-get-table?firstDate=2026-03-01&secondDate=2026-03-31&fuelId=3
2026-03-19,A95,28.03,https://anre.md/oil-get-table?firstDate=2026-03-01&secondDate=2026-03-31&fuelId=2
2026-03-19,DIESEL,28.63,https://anre.md/oil-get-table?firstDate=2026-03-01&secondDate=2026-03-31&fuelId=3
2026-03-20,A95,28.47,https://anre.md/oil-get-table?firstDate=2026-03-01&secondDate=2026-03-31&fuelId=2
2026-03-20,DIESEL,29.21,https://anre.md/oil-get-table?firstDate=2026-03-01&secondDate=2026-03-31&fuelId=3
2026-03-23,A95,28.88,https://anre.md/oil-get-table?firstDate=2026-03-01&secondDate=2026-03-31&fuelId=2
2026-03-23,DIESEL,29.81,https://anre.md/oil-get-table?firstDate=2026-03-01&secondDate=2026-03-31&fuelId=3
2026-03-24,A95,29.04,https://anre.md/oil-get-table?firstDate=2026-03-01&secondDate=2026-03-31&fuelId=2
2026-03-24,DIESEL,30.18,https://anre.md/oil-get-table?firstDate=2026-03-01&secondDate=2026-03-31&fuelId=3
2026-03-25,A95,29.29,https://anre.md/oil-get-table?firstDate=2026-03-01&secondDate=2026-03-31&fuelId=2
2026-03-25,DIESEL,30.74,https://anre.md/oil-get-table?firstDate=2026-03-01&secondDate=2026-03-31&fuelId=3
2026-03-26,A95,29.42,https://anre.md/oil-get-table?firstDate=2026-03-01&secondDate=2026-03-31&fuelId=2
2026-03-26,DIESEL,31.00,https://anre.md/oil-get-table?firstDate=2026-03-01&secondDate=2026-03-31&fuelId=3
2026-03-27,A95,29.53,https://anre.md/oil-get-table?firstDate=2026-03-01&secondDate=2026-03-31&fuelId=2
2026-03-27,DIESEL,32.10,https://anre.md/oil-get-table?firstDate=2026-03-01&secondDate=2026-03-31&fuelId=3
2026-03-30,A95,29.66,https://anre.md/oil-get-table?firstDate=2026-03-01&secondDate=2026-03-31&fuelId=2
2026-03-30,DIESEL,31.93,https://anre.md/oil-get-table?firstDate=2026-03-01&secondDate=2026-03-31&fuelId=3
2026-03-31,A95,29.76,https://anre.md/oil-get-table?firstDate=2026-03-01&secondDate=2026-03-31&fuelId=2
2026-03-31,DIESEL,32.19,https://anre.md/oil-get-table?firstDate=2026-03-01&secondDate=2026-03-31&fuelId=3
2026-04-01,A95,29.85,https://anre.md/oil-get-table?firstDate=2026-04-01&secondDate=2026-04-30&fuelId=2
2026-04-01,DIESEL,32.42,https://anre.md/oil-get-table?firstDate=2026-04-01&secondDate=2026-04-30&fuelId=3
2026-04-02,A95,29.77,https://anre.md/oil-get-table?firstDate=2026-04-01&secondDate=2026-04-30&fuelId=2
2026-04-02,DIESEL,33.00,https://anre.md/oil-get-table?firstDate=2026-04-01&secondDate=2026-04-30&fuelId=3
2026-04-03,A95,29.75,https://anre.md/oil-get-table?firstDate=2026-04-01&secondDate=2026-04-30&fuelId=2
2026-04-03,DIESEL,33.80,https://anre.md/oil-get-table?firstDate=2026-04-01&secondDate=2026-04-30&fuelId=3
2026-04-06,A95,29.67,https://anre.md/oil-get-table?firstDate=2026-04-01&secondDate=2026-04-30&fuelId=2
2026-04-06,DIESEL,34.01,https://anre.md/oil-get-table?firstDate=2026-04-01&secondDate=2026-04-30&fuelId=3
2026-04-07,A95,29.69,https://anre.md/oil-get-table?firstDate=2026-04-01&secondDate=2026-04-30&fuelId=2
2026-04-07,DIESEL,34.19,https://anre.md/oil-get-table?firstDate=2026-04-01&secondDate=2026-04-30&fuelId=3
2026-04-08,A95,29.82,https://anre.md/oil-get-table?firstDate=2026-04-01&secondDate=2026-04-30&fuelId=2
2026-04-08,DIESEL,34.98,https://anre.md/oil-get-table?firstDate=2026-04-01&secondDate=2026-04-30&fuelId=3
2026-04-09,A95,29.83,https://anre.md/oil-get-table?firstDate=2026-04-01&secondDate=2026-04-30&fuelId=2
2026-04-09,DIESEL,34.49,https://anre.md/oil-get-table?firstDate=2026-04-01&secondDate=2026-04-30&fuelId=3
2026-04-10,A95,29.80,https://anre.md/oil-get-table?firstDate=2026-04-01&secondDate=2026-04-30&fuelId=2
2026-04-10,DIESEL,33.32,https://anre.md/oil-get-table?firstDate=2026-04-01&secondDate=2026-04-30&fuelId=3
2026-04-14,A95,29.58,https://anre.md/oil-get-table?firstDate=2026-04-01&secondDate=2026-04-30&fuelId=2
2026-04-14,DIESEL,32.47,https://anre.md/oil-get-table?firstDate=2026-04-01&secondDate=2026-04-30&fuelId=3
2026-04-15,A95,29.43,https://anre.md/oil-get-table?firstDate=2026-04-01&secondDate=2026-04-30&fuelId=2
2026-04-15,DIESEL,31.52,https://anre.md/oil-get-table?firstDate=2026-04-01&secondDate=2026-04-30&fuelId=3
2026-04-16,A95,29.39,https://anre.md/oil-get-table?firstDate=2026-04-01&secondDate=2026-04-30&fuelId=2
2026-04-16,DIESEL,31.42,https://anre.md/oil-get-table?firstDate=2026-04-01&secondDate=2026-04-30&fuelId=3
2026-04-17,A95,29.26,https://anre.md/oil-get-table?firstDate=2026-04-01&secondDate=2026-04-30&fuelId=2
2026-04-17,DIESEL,31.13,https://anre.md/oil-get-table?firstDate=2026-04-01&secondDate=2026-04-30&fuelId=3
2026-04-21,A95,29.03,https://anre.md/oil-get-table?firstDate=2026-04-01&secondDate=2026-04-30&fuelId=2
2026-04-21,DIESEL,29.98,https://anre.md/oil-get-table?firstDate=2026-04-01&secondDate=2026-04-30&fuelId=3
2026-04-22,A95,28.93,https://anre.md/oil-get-table?firstDate=2026-04-01&secondDate=2026-04-30&fuelId=2
2026-04-22,DIESEL,29.76,https://anre.md/oil-get-table?firstDate=2026-04-01&secondDate=2026-04-30&fuelId=3
2026-04-23,A95,29.06,https://anre.md/oil-get-table?firstDate=2026-04-01&secondDate=2026-04-30&fuelId=2
2026-04-23,DIESEL,29.71,https://anre.md/oil-get-table?firstDate=2026-04-01&secondDate=2026-04-30&fuelId=3
2026-04-24,A95,29.15,https://anre.md/oil-get-table?firstDate=2026-04-01&secondDate=2026-04-30&fuelId=2
2026-04-24,DIESEL,29.44,https://anre.md/oil-get-table?firstDate=2026-04-01&secondDate=2026-04-30&fuelId=3
2026-04-27,A95,29.32,https://anre.md/oil-get-table?firstDate=2026-04-01&secondDate=2026-04-30&fuelId=2
2026-04-27,DIESEL,30.26,https://anre.md/oil-get-table?firstDate=2026-04-01&secondDate=2026-04-30&fuelId=3
2026-04-28,A95,29.38,https://anre.md/oil-get-table?firstDate=2026-04-01&secondDate=2026-04-30&fuelId=2
2026-04-28,DIESEL,30.13,https://anre.md/oil-get-table?firstDate=2026-04-01&secondDate=2026-04-30&fuelId=3
2026-04-29,A95,29.50,https://anre.md/oil-get-table?firstDate=2026-04-01&secondDate=2026-04-30&fuelId=2
2026-04-29,DIESEL,30.05,https://anre.md/oil-get-table?firstDate=2026-04-01&secondDate=2026-04-30&fuelId=3
2026-04-30,A95,29.72,https://anre.md/oil-get-table?firstDate=2026-04-01&secondDate=2026-04-30&fuelId=2
2026-04-30,DIESEL,30.07,https://anre.md/oil-get-table?firstDate=2026-04-01&secondDate=2026-04-30&fuelId=3
2026-05-04,A95,30.18,https://anre.md/oil-get-table?firstDate=2026-05-01&secondDate=2026-05-31&fuelId=2
2026-05-04,DIESEL,30.25,https://anre.md/oil-get-table?firstDate=2026-05-01&secondDate=2026-05-31&fuelId=3
2026-05-05,A95,30.33,https://anre.md/oil-get-table?firstDate=2026-05-01&secondDate=2026-05-31&fuelId=2
2026-05-05,DIESEL,30.38,https://anre.md/oil-get-table?firstDate=2026-05-01&secondDate=2026-05-31&fuelId=3
2026-05-06,A95,30.53,https://anre.md/oil-get-table?firstDate=2026-05-01&secondDate=2026-05-31&fuelId=2
2026-05-06,DIESEL,30.45,https://anre.md/oil-get-table?firstDate=2026-05-01&secondDate=2026-05-31&fuelId=3
2026-05-07,A95,30.56,https://anre.md/oil-get-table?firstDate=2026-05-01&secondDate=2026-05-31&fuelId=2
2026-05-07,DIESEL,30.23,https://anre.md/oil-get-table?firstDate=2026-05-01&secondDate=2026-05-31&fuelId=3
2026-05-08,A95,30.54,https://anre.md/oil-get-table?firstDate=2026-05-01&secondDate=2026-05-31&fuelId=2
2026-05-08,DIESEL,30.00,https://anre.md/oil-get-table?firstDate=2026-05-01&secondDate=2026-05-31&fuelId=3
2026-05-11,A95,30.62,https://anre.md/oil-get-table?firstDate=2026-05-01&secondDate=2026-05-31&fuelId=2
2026-05-11,DIESEL,29.54,https://anre.md/oil-get-table?firstDate=2026-05-01&secondDate=2026-05-31&fuelId=3
2026-05-12,A95,30.62,https://anre.md/oil-get-table?firstDate=2026-05-01&secondDate=2026-05-31&fuelId=2
2026-05-12,DIESEL,29.54,https://anre.md/oil-get-table?firstDate=2026-05-01&secondDate=2026-05-31&fuelId=3
2026-05-13,A95,30.78,https://anre.md/oil-get-table?firstDate=2026-05-01&secondDate=2026-05-31&fuelId=2
2026-05-13,DIESEL,29.51,https://anre.md/oil-get-table?firstDate=2026-05-01&secondDate=2026-05-31&fuelId=3
2026-05-14,A95,30.83,https://anre.md/oil-get-table?firstDate=2026-05-01&secondDate=2026-05-31&fuelId=2
2026-05-14,DIESEL,29.31,https://anre.md/oil-get-table?firstDate=2026-05-01&secondDate=2026-05-31&fuelId=3
2026-05-15,A95,30.83,https://anre.md/oil-get-table?firstDate=2026-05-01&secondDate=2026-05-31&fuelId=2
2026-05-15,DIESEL,29.09,https://anre.md/oil-get-table?firstDate=2026-05-01&secondDate=2026-05-31&fuelId=3
2026-05-18,A95,30.91,https://anre.md/oil-get-table?firstDate=2026-05-01&secondDate=2026-05-31&fuelId=2
2026-05-18,DIESEL,29.00,https://anre.md/oil-get-table?firstDate=2026-05-01&secondDate=2026-05-31&fuelId=3
2026-05-19,A95,31.02,https://anre.md/oil-get-table?firstDate=2026-05-01&secondDate=2026-05-31&fuelId=2
2026-05-19,DIESEL,29.11,https://anre.md/oil-get-table?firstDate=2026-05-01&secondDate=2026-05-31&fuelId=3
2026-05-20,A95,31.09,https://anre.md/oil-get-table?firstDate=2026-05-01&secondDate=2026-05-31&fuelId=2
2026-05-20,DIESEL,29.05,https://anre.md/oil-get-table?firstDate=2026-05-01&secondDate=2026-05-31&fuelId=3
2026-05-21,A95,31.20,https://anre.md/oil-get-table?firstDate=2026-05-01&secondDate=2026-05-31&fuelId=2
2026-05-21,DIESEL,29.06,https://anre.md/oil-get-table?firstDate=2026-05-01&secondDate=2026-05-31&fuelId=3
2026-05-22,A95,31.32,https://anre.md/oil-get-table?firstDate=2026-05-01&secondDate=2026-05-31&fuelId=2
2026-05-22,DIESEL,29.17,https://anre.md/oil-get-table?firstDate=2026-05-01&secondDate=2026-05-31&fuelId=3
2026-05-25,A95,31.35,https://anre.md/oil-get-table?firstDate=2026-05-01&secondDate=2026-05-31&fuelId=2
2026-05-25,DIESEL,29.15,https://anre.md/oil-get-table?firstDate=2026-05-01&secondDate=2026-05-31&fuelId=3
2026-05-26,A95,31.40,https://anre.md/oil-get-table?firstDate=2026-05-01&secondDate=2026-05-31&fuelId=2
2026-05-26,DIESEL,29.22,https://anre.md/oil-get-table?firstDate=2026-05-01&secondDate=2026-05-31&fuelId=3
2026-05-27,A95,31.21,https://anre.md/oil-get-table?firstDate=2026-05-01&secondDate=2026-05-31&fuelId=2
2026-05-27,DIESEL,28.96,https://anre.md/oil-get-table?firstDate=2026-05-01&secondDate=2026-05-31&fuelId=3
2026-05-28,A95,30.91,https://anre.md/oil-get-table?firstDate=2026-05-01&secondDate=2026-05-31&fuelId=2
2026-05-28,DIESEL,28.67,https://anre.md/oil-get-table?firstDate=2026-05-01&secondDate=2026-05-31&fuelId=3
2026-05-29,A95,30.67,https://anre.md/oil-get-table?firstDate=2026-05-01&secondDate=2026-05-31&fuelId=2
2026-05-29,DIESEL,28.40,https://anre.md/oil-get-table?firstDate=2026-05-01&secondDate=2026-05-31&fuelId=3
2026-06-02,A95,30.03,https://anre.md/oil-get-table?firstDate=2026-06-01&secondDate=2026-06-30&fuelId=2
2026-06-02,DIESEL,27.72,https://anre.md/oil-get-table?firstDate=2026-06-01&secondDate=2026-06-30&fuelId=3
2026-06-03,A95,29.69,https://anre.md/oil-get-table?firstDate=2026-06-01&secondDate=2026-06-30&fuelId=2
2026-06-03,DIESEL,27.45,https://anre.md/oil-get-table?firstDate=2026-06-01&secondDate=2026-06-30&fuelId=3
2026-06-04,A95,29.43,https://anre.md/oil-get-table?firstDate=2026-06-01&secondDate=2026-06-30&fuelId=2
2026-06-04,DIESEL,27.40,https://anre.md/oil-get-table?firstDate=2026-06-01&secondDate=2026-06-30&fuelId=3
2026-06-05,A95,29.15,https://anre.md/oil-get-table?firstDate=2026-06-01&secondDate=2026-06-30&fuelId=2
2026-06-05,DIESEL,27.24,https://anre.md/oil-get-table?firstDate=2026-06-01&secondDate=2026-06-30&fuelId=3
2026-06-08,A95,28.92,https://anre.md/oil-get-table?firstDate=2026-06-01&secondDate=2026-06-30&fuelId=2
2026-06-08,DIESEL,27.12,https://anre.md/oil-get-table?firstDate=2026-06-01&secondDate=2026-06-30&fuelId=3
2026-06-09,A95,28.89,https://anre.md/oil-get-table?firstDate=2026-06-01&secondDate=2026-06-30&fuelId=2
2026-06-09,DIESEL,27.14,https://anre.md/oil-get-table?firstDate=2026-06-01&secondDate=2026-06-30&fuelId=3
2026-06-10,A95,28.74,https://anre.md/oil-get-table?firstDate=2026-06-01&secondDate=2026-06-30&fuelId=2
2026-06-10,DIESEL,27.09,https://anre.md/oil-get-table?firstDate=2026-06-01&secondDate=2026-06-30&fuelId=3
2026-06-11,A95,28.71,https://anre.md/oil-get-table?firstDate=2026-06-01&secondDate=2026-06-30&fuelId=2
2026-06-11,DIESEL,27.12,https://anre.md/oil-get-table?firstDate=2026-06-01&secondDate=2026-06-30&fuelId=3
2026-06-12,A95,28.71,https://anre.md/oil-get-table?firstDate=2026-06-01&secondDate=2026-06-30&fuelId=2
2026-06-12,DIESEL,27.16,https://anre.md/oil-get-table?firstDate=2026-06-01&secondDate=2026-06-30&fuelId=3
2026-06-15,A95,28.67,https://anre.md/oil-get-table?firstDate=2026-06-01&secondDate=2026-06-30&fuelId=2
2026-06-15,DIESEL,27.14,https://anre.md/oil-get-table?firstDate=2026-06-01&secondDate=2026-06-30&fuelId=3
2026-06-16,A95,28.51,https://anre.md/oil-get-table?firstDate=2026-06-01&secondDate=2026-06-30&fuelId=2
2026-06-16,DIESEL,26.90,https://anre.md/oil-get-table?firstDate=2026-06-01&secondDate=2026-06-30&fuelId=3
2026-06-17,A95,28.34,https://anre.md/oil-get-table?firstDate=2026-06-01&secondDate=2026-06-30&fuelId=2
2026-06-17,DIESEL,26.61,https://anre.md/oil-get-table?firstDate=2026-06-01&secondDate=2026-06-30&fuelId=3
2026-06-18,A95,28.15,https://anre.md/oil-get-table?firstDate=2026-06-01&secondDate=2026-06-30&fuelId=2
2026-06-18,DIESEL,26.24,https://anre.md/oil-get-table?firstDate=2026-06-01&secondDate=2026-06-30&fuelId=3
2026-06-19,A95,27.99,https://anre.md/oil-get-table?firstDate=2026-06-01&secondDate=2026-06-30&fuelId=2
2026-06-19,DIESEL,25.86,https://anre.md/oil-get-table?firstDate=2026-06-01&secondDate=2026-06-30&fuelId=3
2026-06-22,A95,27.94,https://anre.md/oil-get-table?firstDate=2026-06-01&secondDate=2026-06-30&fuelId=2
2026-06-22,DIESEL,25.65,https://anre.md/oil-get-table?firstDate=2026-06-01&secondDate=2026-06-30&fuelId=3
2026-06-23,A95,27.81,https://anre.md/oil-get-table?firstDate=2026-06-01&secondDate=2026-06-30&fuelId=2
2026-06-23,DIESEL,25.32,https://anre.md/oil-get-table?firstDate=2026-06-01&secondDate=2026-06-30&fuelId=3
2026-06-24,A95,27.69,https://anre.md/oil-get-table?firstDate=2026-06-01&secondDate=2026-06-30&fuelId=2
2026-06-24,DIESEL,25.06,https://anre.md/oil-get-table?firstDate=2026-06-01&secondDate=2026-06-30&fuelId=3
2026-06-25,A95,27.55,https://anre.md/oil-get-table?firstDate=2026-06-01&secondDate=2026-06-30&fuelId=2
2026-06-25,DIESEL,24.78,https://anre.md/oil-get-table?firstDate=2026-06-01&secondDate=2026-06-30&fuelId=3
2026-06-26,A95,27.44,https://anre.md/oil-get-table?firstDate=2026-06-01&secondDate=2026-06-30&fuelId=2
2026-06-26,DIESEL,24.56,https://anre.md/oil-get-table?firstDate=2026-06-01&secondDate=2026-06-30&fuelId=3
2026-06-29,A95,27.41,https://anre.md/oil-get-table?firstDate=2026-06-01&secondDate=2026-06-30&fuelId=2
2026-06-29,DIESEL,24.45,https://anre.md/oil-get-table?firstDate=2026-06-01&secondDate=2026-06-30&fuelId=3
2026-06-30,A95,27.43,https://anre.md/oil-get-table?firstDate=2026-06-01&secondDate=2026-06-30&fuelId=2
2026-06-30,DIESEL,24.41,https://anre.md/oil-get-table?firstDate=2026-06-01&secondDate=2026-06-30&fuelId=3
2026-07-01,A95,27.75,https://anre.md/oil-get-table?firstDate=2026-07-01&secondDate=2026-07-31&fuelId=2
2026-07-01,DIESEL,24.72,https://anre.md/oil-get-table?firstDate=2026-07-01&secondDate=2026-07-31&fuelId=3
2026-07-02,A95,27.82,https://anre.md/oil-get-table?firstDate=2026-07-01&secondDate=2026-07-31&fuelId=2
2026-07-02,DIESEL,24.79,https://anre.md/oil-get-table?firstDate=2026-07-01&secondDate=2026-07-31&fuelId=3
2026-07-03,A95,27.87,https://anre.md/oil-get-table?firstDate=2026-07-01&secondDate=2026-07-31&fuelId=2
2026-07-03,DIESEL,24.92,https://anre.md/oil-get-table?firstDate=2026-07-01&secondDate=2026-07-31&fuelId=3
2026-07-06,A95,27.89,https://anre.md/oil-get-table?firstDate=2026-07-01&secondDate=2026-07-31&fuelId=2
2026-07-06,DIESEL,25.00,https://anre.md/oil-get-table?firstDate=2026-07-01&secondDate=2026-07-31&fuelId=3
2026-07-07,A95,27.95,https://anre.md/oil-get-table?firstDate=2026-07-01&secondDate=2026-07-31&fuelId=2
2026-07-07,DIESEL,25.18,https://anre.md/oil-get-table?firstDate=2026-07-01&secondDate=2026-07-31&fuelId=3
2026-07-08,A95,28.02,https://anre.md/oil-get-table?firstDate=2026-07-01&secondDate=2026-07-31&fuelId=2
2026-07-08,DIESEL,25.36,https://anre.md/oil-get-table?firstDate=2026-07-01&secondDate=2026-07-31&fuelId=3
2026-07-09,A95,28.16,https://anre.md/oil-get-table?firstDate=2026-07-01&secondDate=2026-07-31&fuelId=2
2026-07-09,DIESEL,25.76,https://anre.md/oil-get-table?firstDate=2026-07-01&secondDate=2026-07-31&fuelId=3
2026-07-10,A95,28.23,https://anre.md/oil-get-table?firstDate=2026-07-01&secondDate=2026-07-31&fuelId=2
2026-07-10,DIESEL,26.02,https://anre.md/oil-get-table?firstDate=2026-07-01&secondDate=2026-07-31&fuelId=3
2026-07-13,A95,28.28,https://anre.md/oil-get-table?firstDate=2026-07-01&secondDate=2026-07-31&fuelId=2
2026-07-13,DIESEL,26.28,https://anre.md/oil-get-table?firstDate=2026-07-01&secondDate=2026-07-31&fuelId=3
2026-07-14,A95,28.38,https://anre.md/oil-get-table?firstDate=2026-07-01&secondDate=2026-07-31&fuelId=2
2026-07-14,DIESEL,26.67,https://anre.md/oil-get-table?firstDate=2026-07-01&secondDate=2026-07-31&fuelId=3
2026-07-15,A95,28.53,https://anre.md/oil-get-table?firstDate=2026-07-01&secondDate=2026-07-31&fuelId=2
2026-07-15,DIESEL,27.11,https://anre.md/oil-get-table?firstDate=2026-07-01&secondDate=2026-07-31&fuelId=3
2026-07-16,A95,28.72,https://anre.md/oil-get-table?firstDate=2026-07-01&secondDate=2026-07-31&fuelId=2
2026-07-16,DIESEL,27.56,https://anre.md/oil-get-table?firstDate=2026-07-01&secondDate=2026-07-31&fuelId=3
2026-07-17,A95,28.96,https://anre.md/oil-get-table?firstDate=2026-07-01&secondDate=2026-07-31&fuelId=2
2026-07-17,DIESEL,28.07,https://anre.md/oil-get-table?firstDate=2026-07-01&secondDate=2026-07-31&fuelId=3
2026-07-20,A95,29.19,https://anre.md/oil-get-table?firstDate=2026-07-01&secondDate=2026-07-31&fuelId=2
2026-07-20,DIESEL,28.53,https://anre.md/oil-get-table?firstDate=2026-07-01&secondDate=2026-07-31&fuelId=3
2026-07-21,A95,29.41,https://anre.md/oil-get-table?firstDate=2026-07-01&secondDate=2026-07-31&fuelId=2
2026-07-21,DIESEL,29.01,https://anre.md/oil-get-table?firstDate=2026-07-01&secondDate=2026-07-31&fuelId=3
2026-07-22,A95,29.68,https://anre.md/oil-get-table?firstDate=2026-07-01&secondDate=2026-07-31&fuelId=2
2026-07-22,DIESEL,29.49,https://anre.md/oil-get-table?firstDate=2026-07-01&secondDate=2026-07-31&fuelId=3
2026-07-23,A95,29.89,https://anre.md/oil-get-table?firstDate=2026-07-01&secondDate=2026-07-31&fuelId=2
2026-07-23,DIESEL,29.80,https://anre.md/oil-get-table?firstDate=2026-07-01&secondDate=2026-07-31&fuelId=3
2026-07-24,A95,30.16,https://anre.md/oil-get-table?firstDate=2026-07-01&secondDate=2026-07-31&fuelId=2
2026-07-24,DIESEL,30.29,https://anre.md/oil-get-table?firstDate=2026-07-01&secondDate=2026-07-31&fuelId=3
2026-07-27,A95,30.40,https://anre.md/oil-get-table?firstDate=2026-07-01&secondDate=2026-07-31&fuelId=2
2026-07-27,DIESEL,30.71,https://anre.md/oil-get-table?firstDate=2026-07-01&secondDate=2026-07-31&fuelId=3
2026-07-28,A95,30.54,https://anre.md/oil-get-table?firstDate=2026-07-01&secondDate=2026-07-31&fuelId=2
2026-07-28,DIESEL,31.00,https://anre.md/oil-get-table?firstDate=2026-07-01&secondDate=2026-07-31&fuelId=3
2026-07-29,A95,30.62,https://anre.md/oil-get-table?firstDate=2026-07-01&secondDate=2026-07-31&fuelId=2
2026-07-29,DIESEL,31.89,https://anre.md/oil-get-table?firstDate=2026-07-01&secondDate=2026-07-31&fuelId=3
2026-07-30,A95,30.72,https://anre.md/oil-get-table?firstDate=2026-07-01&secondDate=2026-07-31&fuelId=2
2026-07-30,DIESEL,32.26,https://anre.md/oil-get-table?firstDate=2026-07-01&secondDate=2026-07-31&fuelId=3
2026-07-31,A95,30.77,https://anre.md/oil-get-table?firstDate=2026-07-01&secondDate=2026-07-31&fuelId=2
2026-07-31,DIESEL,32.54,https://anre.md/oil-get-table?firstDate=2026-07-01&secondDate=2026-07-31&fuelId=3
2026-08-03,A95,30.75,https://anre.md/oil-get-table?firstDate=2026-08-01&secondDate=2026-08-26&fuelId=2
2026-08-03,DIESEL,32.82,https://anre.md/oil-get-table?firstDate=2026-08-01&secondDate=2026-08-26&fuelId=3
2026-08-04,A95,30.67,https://anre.md/oil-get-table?firstDate=2026-08-01&secondDate=2026-08-26&fuelId=2
2026-08-04,DIESEL,32.82,https://anre.md/oil-get-table?firstDate=2026-08-01&secondDate=2026-08-26&fuelId=3
2026-08-05,A95,30.48,https://anre.md/oil-get-table?firstDate=2026-08-01&secondDate=2026-08-26&fuelId=2
2026-08-05,DIESEL,32.66,https://anre.md/oil-get-table?firstDate=2026-08-01&secondDate=2026-08-26&fuelId=3
2026-08-06,A95,30.26,https://anre.md/oil-get-table?firstDate=2026-08-01&secondDate=2026-08-26&fuelId=2
2026-08-06,DIESEL,32.49,https://anre.md/oil-get-table?firstDate=2026-08-01&secondDate=2026-08-26&fuelId=3
2026-08-07,A95,30.05,https://anre.md/oil-get-table?firstDate=2026-08-01&secondDate=2026-08-26&fuelId=2
2026-08-07,DIESEL,32.20,https://anre.md/oil-get-table?firstDate=2026-08-01&secondDate=2026-08-26&fuelId=3
2026-08-10,A95,29.95,https://anre.md/oil-get-table?firstDate=2026-08-01&secondDate=2026-08-26&fuelId=2
2026-08-10,DIESEL,32.04,https://anre.md/oil-get-table?firstDate=2026-08-01&secondDate=2026-08-26&fuelId=3
2026-08-11,A95,29.97,https://anre.md/oil-get-table?firstDate=2026-08-01&secondDate=2026-08-26&fuelId=2
2026-08-11,DIESEL,32.04,https://anre.md/oil-get-table?firstDate=2026-08-01&secondDate=2026-08-26&fuelId=3
2026-08-12,A95,30.00,https://anre.md/oil-get-table?firstDate=2026-08-01&secondDate=2026-08-26&fuelId=2
2026-08-12,DIESEL,32.07,https://anre.md/oil-get-table?firstDate=2026-08-01&secondDate=2026-08-26&fuelId=3
2026-08-13,A95,29.98,https://anre.md/oil-get-table?firstDate=2026-08-01&secondDate=2026-08-26&fuelId=2
2026-08-13,DIESEL,31.97,https://anre.md/oil-get-table?firstDate=2026-08-01&secondDate=2026-08-26&fuelId=3
2026-08-14,A95,30.01,https://anre.md/oil-get-table?firstDate=2026-08-01&secondDate=2026-08-26&fuelId=2
2026-08-14,DIESEL,31.90,https://anre.md/oil-get-table?firstDate=2026-08-01&secondDate=2026-08-26&fuelId=3
2026-08-17,A95,30.02,https://anre.md/oil-get-table?firstDate=2026-08-01&secondDate=2026-08-26&fuelId=2
2026-08-17,DIESEL,31.77,https://anre.md/oil-get-table?firstDate=2026-08-01&secondDate=2026-08-26&fuelId=3
2026-08-18,A95,30.12,https://anre.md/oil-get-table?firstDate=2026-08-01&secondDate=2026-08-26&fuelId=2
2026-08-18,DIESEL,31.98,https://anre.md/oil-get-table?firstDate=2026-08-01&secondDate=2026-08-26&fuelId=3
2026-08-19,A95,30.37,https://anre.md/oil-get-table?firstDate=2026-08-01&secondDate=2026-08-26&fuelId=2
2026-08-19,DIESEL,32.37,https://anre.md/oil-get-table?firstDate=2026-08-01&secondDate=2026-08-26&fuelId=3
2026-08-20,A95,30.62,https://anre.md/oil-get-table?firstDate=2026-08-01&secondDate=2026-08-26&fuelId=2
2026-08-20,DIESEL,32.72,https://anre.md/oil-get-table?firstDate=2026-08-01&secondDate=2026-08-26&fuelId=3
2026-08-21,A95,30.82,https://anre.md/oil-get-table?firstDate=2026-08-01&secondDate=2026-08-26&fuelId=2
2026-08-21,DIESEL,33.06,https://anre.md/oil-get-table?firstDate=2026-08-01&secondDate=2026-08-26&fuelId=3
2026-08-24,A95,30.95,https://anre.md/oil-get-table?firstDate=2026-08-01&secondDate=2026-08-26&fuelId=2
2026-08-24,DIESEL,33.30,https://anre.md/oil-get-table?firstDate=2026-08-01&secondDate=2026-08-26&fuelId=3
2026-08-25,A95,31.01,https://anre.md/oil-get-table?firstDate=2026-08-01&secondDate=2026-08-26&fuelId=2
2026-08-25,DIESEL,33.32,https://anre.md/oil-get-table?firstDate=2026-08-01&secondDate=2026-08-26&fuelId=3
2026-08-26,A95,31.08,https://anre.md/oil-get-table?firstDate=2026-08-01&secondDate=2026-08-26&fuelId=2
2026-08-26,DIESEL,33.21,https://anre.md/oil-get-table?firstDate=2026-08-01&secondDate=2026-08-26&fuelId=3
